product_id,start_date,end_date,standard_cost
05385566-38df-4855-94a8-786cae6ffe49,2011-05-31 00:00:00,2012-05-29 00:00:00,12.0278
05385566-38df-4855-94a8-786cae6ffe49,2012-05-30 00:00:00,2013-05-29 00:00:00,13.8782
05385566-38df-4855-94a8-786cae6ffe49,2013-05-30 00:00:00,,13.0863
f33d8a41-b92f-4f2a-8f75-76ea2f25722b,2011-05-31 00:00:00,2012-05-29 00:00:00,12.0278
f33d8a41-b92f-4f2a-8f75-76ea2f25722b,2012-05-30 00:00:00,2013-05-29 00:00:00,13.8782
f33d8a41-b92f-4f2a-8f75-76ea2f25722b,2013-05-30 00:00:00,,13.0863
26c6c52f-19c1-4760-a72d-a452f0502a1f,2011-05-31 00:00:00,2012-05-29 00:00:00,3.3963
badb77c2-418e-483a-bb4f-a765a7e2cd3e,2011-05-31 00:00:00,2012-05-29 00:00:00,3.3963
34ad3302-abb1-4d4d-9f75-b1c0c5919313,2011-05-31 00:00:00,2012-05-29 00:00:00,12.0278
34ad3302-abb1-4d4d-9f75-b1c0c5919313,2012-05-30 00:00:00,2013-05-29 00:00:00,13.8782
34ad3302-abb1-4d4d-9f75-b1c0c5919313,2013-05-30 00:00:00,,13.0863
36847649-a79a-4f70-9b5d-5c403627ab75,2011-05-31 00:00:00,2012-05-29 00:00:00,5.7052
36847649-a79a-4f70-9b5d-5c403627ab75,2012-05-30 00:00:00,2013-05-29 00:00:00,5.2297
36847649-a79a-4f70-9b5d-5c403627ab75,2013-05-30 00:00:00,,6.9223
a2eabbb9-7096-4d1e-be0e-06be8259a129,2011-05-31 00:00:00,2012-05-29 00:00:00,31.7244
a2eabbb9-7096-4d1e-be0e-06be8259a129,2012-05-30 00:00:00,2013-05-29 00:00:00,29.0807
a2eabbb9-7096-4d1e-be0e-06be8259a129,2013-05-30 00:00:00,,38.4923
9da9449d-397b-4beb-8a8d-95b12a76ccaa,2011-05-31 00:00:00,2012-05-29 00:00:00,31.7244
9da9449d-397b-4beb-8a8d-95b12a76ccaa,2012-05-30 00:00:00,2013-05-29 00:00:00,29.0807
9da9449d-397b-4beb-8a8d-95b12a76ccaa,2013-05-30 00:00:00,,38.4923
a921a632-bb28-433a-84a4-7fb6fd334b8d,2011-05-31 00:00:00,2012-05-29 00:00:00,31.7244
a921a632-bb28-433a-84a4-7fb6fd334b8d,2012-05-30 00:00:00,2013-05-29 00:00:00,29.0807
a921a632-bb28-433a-84a4-7fb6fd334b8d,2013-05-30 00:00:00,,38.4923
0d5a6aaa-a4d9-4c78-ba00-dabb45aebe13,2011-05-31 00:00:00,2012-05-29 00:00:00,31.7244
0d5a6aaa-a4d9-4c78-ba00-dabb45aebe13,2012-05-30 00:00:00,2013-05-29 00:00:00,29.0807
0d5a6aaa-a4d9-4c78-ba00-dabb45aebe13,2013-05-30 00:00:00,,38.4923
c8916792-ee6b-4051-9c4e-331984afb135,2011-05-31 00:00:00,2012-05-29 00:00:00,747.9682
c8916792-ee6b-4051-9c4e-331984afb135,2012-05-30 00:00:00,2013-05-29 00:00:00,722.2568
c8916792-ee6b-4051-9c4e-331984afb135,2013-05-30 00:00:00,,868.6342
a2ab54e6-0a32-440b-8d5b-f11ff706d6e7,2011-05-31 00:00:00,2012-05-29 00:00:00,747.9682
a2ab54e6-0a32-440b-8d5b-f11ff706d6e7,2012-05-30 00:00:00,2013-05-29 00:00:00,722.2568
a2ab54e6-0a32-440b-8d5b-f11ff706d6e7,2013-05-30 00:00:00,,868.6342
c62cc174-c497-4da7-8d2a-5a5068c9d246,2011-05-31 00:00:00,2012-05-29 00:00:00,747.9682
c62cc174-c497-4da7-8d2a-5a5068c9d246,2012-05-30 00:00:00,2013-05-29 00:00:00,722.2568
c62cc174-c497-4da7-8d2a-5a5068c9d246,2013-05-30 00:00:00,,868.6342
825522c1-4a09-48c5-8006-63c37cf2fab7,2011-05-31 00:00:00,2012-05-29 00:00:00,747.9682
825522c1-4a09-48c5-8006-63c37cf2fab7,2012-05-30 00:00:00,2013-05-29 00:00:00,722.2568
825522c1-4a09-48c5-8006-63c37cf2fab7,2013-05-30 00:00:00,,868.6342
cd05d9c2-960f-40b2-b3e3-73774c934af6,2011-05-31 00:00:00,2012-05-29 00:00:00,747.9682
cd05d9c2-960f-40b2-b3e3-73774c934af6,2012-05-30 00:00:00,2013-05-29 00:00:00,722.2568
cd05d9c2-960f-40b2-b3e3-73774c934af6,2013-05-30 00:00:00,,868.6342
33383d99-db78-414e-a552-f1c3a3937aee,2011-05-31 00:00:00,2012-05-29 00:00:00,176.1997
33383d99-db78-414e-a552-f1c3a3937aee,2012-05-30 00:00:00,2013-05-29 00:00:00,170.1428
33383d99-db78-414e-a552-f1c3a3937aee,2013-05-30 00:00:00,,204.6251
1c63af8a-5b82-4576-b71b-818d1923ae62,2011-05-31 00:00:00,2012-05-29 00:00:00,176.1997
1c63af8a-5b82-4576-b71b-818d1923ae62,2012-05-30 00:00:00,2013-05-29 00:00:00,170.1428
1c63af8a-5b82-4576-b71b-818d1923ae62,2013-05-30 00:00:00,,204.6251
403add96-5ffc-4c2f-888f-0358e9bd36f0,2011-05-31 00:00:00,2012-05-29 00:00:00,176.1997
403add96-5ffc-4c2f-888f-0358e9bd36f0,2012-05-30 00:00:00,2013-05-29 00:00:00,170.1428
403add96-5ffc-4c2f-888f-0358e9bd36f0,2013-05-30 00:00:00,,204.6251
8982502b-9904-4a30-9f1d-f765dcfbeaf5,2011-05-31 00:00:00,2012-05-29 00:00:00,181.4857
8982502b-9904-4a30-9f1d-f765dcfbeaf5,2012-05-30 00:00:00,2013-05-29 00:00:00,187.1571
163ece05-613b-4ea6-a177-202ba459d59b,2011-05-31 00:00:00,2012-05-29 00:00:00,181.4857
163ece05-613b-4ea6-a177-202ba459d59b,2012-05-30 00:00:00,2013-05-29 00:00:00,187.1571
3c0ae951-99b0-4a3e-be29-43dc3aec5abb,2011-05-31 00:00:00,2012-05-29 00:00:00,181.4857
3c0ae951-99b0-4a3e-be29-43dc3aec5abb,2012-05-30 00:00:00,2013-05-29 00:00:00,187.1571
7ceb85ec-83bf-4ec2-b8dd-830e037aaab7,2011-05-31 00:00:00,2012-05-29 00:00:00,181.4857
7ceb85ec-83bf-4ec2-b8dd-830e037aaab7,2012-05-30 00:00:00,2013-05-29 00:00:00,187.1571
7209d315-8f67-4f37-aa8a-6aac2a682391,2011-05-31 00:00:00,2012-05-29 00:00:00,181.4857
7209d315-8f67-4f37-aa8a-6aac2a682391,2012-05-30 00:00:00,2013-05-29 00:00:00,187.1571
96e5300f-60a2-49cf-9000-ce223ccb14bf,2011-05-31 00:00:00,2012-05-29 00:00:00,181.4857
96e5300f-60a2-49cf-9000-ce223ccb14bf,2012-05-30 00:00:00,2013-05-29 00:00:00,187.1571
c9e50636-5a32-4e4b-b725-7adb84849d04,2011-05-31 00:00:00,2012-05-29 00:00:00,352.1394
3ad15b3d-cc87-4b69-8992-f59b3da75a2b,2011-05-31 00:00:00,2012-05-29 00:00:00,352.1394
233bbd8f-bfd0-4d6d-82b5-ec7d1387c3ec,2011-05-31 00:00:00,2012-05-29 00:00:00,352.1394
725bb0ab-1485-4c04-8606-4b189fb5f890,2011-05-31 00:00:00,2012-05-29 00:00:00,352.1394
2e7b81c4-7de4-4015-9c36-a87e52196b30,2011-05-31 00:00:00,2012-05-29 00:00:00,352.1394
5666d4fb-0f40-45d2-8ab4-a6faabe99612,2011-05-31 00:00:00,2012-05-29 00:00:00,176.1997
5666d4fb-0f40-45d2-8ab4-a6faabe99612,2012-05-30 00:00:00,2013-05-29 00:00:00,170.1428
5666d4fb-0f40-45d2-8ab4-a6faabe99612,2013-05-30 00:00:00,,204.6251
cd05611d-d748-4820-a676-0e2ac4c0152c,2011-05-31 00:00:00,2012-05-29 00:00:00,176.1997
cd05611d-d748-4820-a676-0e2ac4c0152c,2012-05-30 00:00:00,2013-05-29 00:00:00,170.1428
cd05611d-d748-4820-a676-0e2ac4c0152c,2013-05-30 00:00:00,,204.6251
9e4e275e-baa1-44e2-827e-ec3fead348fa,2011-05-31 00:00:00,2012-05-29 00:00:00,176.1997
9e4e275e-baa1-44e2-827e-ec3fead348fa,2012-05-30 00:00:00,2013-05-29 00:00:00,170.1428
9e4e275e-baa1-44e2-827e-ec3fead348fa,2013-05-30 00:00:00,,204.6251
7a834851-088a-478f-a8a6-099c64e3323f,2011-05-31 00:00:00,2012-05-29 00:00:00,623.8403
7a834851-088a-478f-a8a6-099c64e3323f,2012-05-30 00:00:00,2013-05-29 00:00:00,660.9142
7a834851-088a-478f-a8a6-099c64e3323f,2013-05-30 00:00:00,,747.2002
fd12c19c-b2de-4bb2-adb4-8acbc889a829,2011-05-31 00:00:00,2012-05-29 00:00:00,706.811
40666c04-4eee-44e0-9d68-57825fae483c,2011-05-31 00:00:00,2012-05-29 00:00:00,706.811
d8f138f9-478a-4494-9eff-60324ce60d13,2011-05-31 00:00:00,2012-05-29 00:00:00,623.8403
d8f138f9-478a-4494-9eff-60324ce60d13,2012-05-30 00:00:00,2013-05-29 00:00:00,660.9142
d8f138f9-478a-4494-9eff-60324ce60d13,2013-05-30 00:00:00,,747.2002
99e67c08-395b-4561-91d4-6b7c68427b63,2011-05-31 00:00:00,2012-05-29 00:00:00,617.0281
99e67c08-395b-4561-91d4-6b7c68427b63,2012-05-30 00:00:00,2013-05-29 00:00:00,653.6971
99e67c08-395b-4561-91d4-6b7c68427b63,2013-05-30 00:00:00,,739.041
00b509f3-14e1-42ce-b59f-07b5dd91229d,2011-05-31 00:00:00,2012-05-29 00:00:00,699.0928
05480396-7fdb-49ea-9447-44024d28ced2,2011-05-31 00:00:00,2012-05-29 00:00:00,699.0928
8f6aefeb-fbde-4c73-b3da-754fe09f5e8e,2011-05-31 00:00:00,2012-05-29 00:00:00,617.0281
8f6aefeb-fbde-4c73-b3da-754fe09f5e8e,2012-05-30 00:00:00,2013-05-29 00:00:00,653.6971
8f6aefeb-fbde-4c73-b3da-754fe09f5e8e,2013-05-30 00:00:00,,739.041
1e9130a5-1d77-4ea3-80f6-875f26fcb05a,2011-05-31 00:00:00,2012-05-29 00:00:00,617.0281
1e9130a5-1d77-4ea3-80f6-875f26fcb05a,2012-05-30 00:00:00,2013-05-29 00:00:00,653.6971
1e9130a5-1d77-4ea3-80f6-875f26fcb05a,2013-05-30 00:00:00,,739.041
2f498249-a692-48f7-93d3-af567d3c36d6,2011-05-31 00:00:00,2012-05-29 00:00:00,623.8403
2f498249-a692-48f7-93d3-af567d3c36d6,2012-05-30 00:00:00,2013-05-29 00:00:00,660.9142
2f498249-a692-48f7-93d3-af567d3c36d6,2013-05-30 00:00:00,,747.2002
41b7b226-20ea-488a-b519-b4ca65d4a64e,2011-05-31 00:00:00,2012-05-29 00:00:00,2171.2942
e909a64f-f56c-4f3c-b802-f539d52f8f21,2011-05-31 00:00:00,2012-05-29 00:00:00,2171.2942
e8c12ae4-8042-4b77-8bd7-023d46440e33,2011-05-31 00:00:00,2012-05-29 00:00:00,2171.2942
378b5732-eba9-46e4-a6c1-4040717835d5,2011-05-31 00:00:00,2012-05-29 00:00:00,2171.2942
01225971-c68c-4650-8d3c-f498ece3c5da,2011-05-31 00:00:00,2012-05-29 00:00:00,2171.2942
89ae7584-90db-4225-bae1-e41983a9e99f,2011-05-31 00:00:00,2012-05-29 00:00:00,884.7083
115442b8-d91e-4ec3-94af-4403182c16c9,2011-05-31 00:00:00,2012-05-29 00:00:00,884.7083
2bf68b80-cfd1-4f46-8cad-676b422ed881,2011-05-31 00:00:00,2012-05-29 00:00:00,884.7083
dd157cd6-f7a2-4002-9c1b-4ae9bf7bd0d4,2011-05-31 00:00:00,2012-05-29 00:00:00,884.7083
0f1a6aa9-5ad6-426c-97df-f96c40431197,2011-05-31 00:00:00,2012-05-29 00:00:00,884.7083
ea94f9be-f506-420c-b6c8-9c059cd89e60,2011-05-31 00:00:00,2012-05-29 00:00:00,413.1463
ea94f9be-f506-420c-b6c8-9c059cd89e60,2012-05-30 00:00:00,2013-05-29 00:00:00,486.7066
49e07b82-6868-4c75-97fe-3378e86ef487,2011-05-31 00:00:00,2012-05-29 00:00:00,413.1463
49e07b82-6868-4c75-97fe-3378e86ef487,2012-05-30 00:00:00,2013-05-29 00:00:00,486.7066
bc0d218d-97df-4a8b-a076-1252aa7c31c2,2011-05-31 00:00:00,2012-05-29 00:00:00,413.1463
bc0d218d-97df-4a8b-a076-1252aa7c31c2,2012-05-30 00:00:00,2013-05-29 00:00:00,486.7066
f76ed752-5f96-47e4-bb09-30523d045528,2011-05-31 00:00:00,2012-05-29 00:00:00,413.1463
f76ed752-5f96-47e4-bb09-30523d045528,2012-05-30 00:00:00,2013-05-29 00:00:00,486.7066
df72cd53-a39b-44c7-bf07-c7162e5d1d6c,2011-05-31 00:00:00,2012-05-29 00:00:00,413.1463
df72cd53-a39b-44c7-bf07-c7162e5d1d6c,2012-05-30 00:00:00,2013-05-29 00:00:00,486.7066
7e695604-38db-45ba-b0b8-332c62295eac,2011-05-31 00:00:00,2012-05-29 00:00:00,413.1463
7e695604-38db-45ba-b0b8-332c62295eac,2012-05-30 00:00:00,2013-05-29 00:00:00,486.7066
f9c39c5d-9f8a-4a92-a84e-c6b3e7cec347,2011-05-31 00:00:00,2012-05-29 00:00:00,413.1463
f9c39c5d-9f8a-4a92-a84e-c6b3e7cec347,2012-05-30 00:00:00,2013-05-29 00:00:00,486.7066
5c1aba70-f716-4f33-9035-db287be74c00,2011-05-31 00:00:00,2012-05-29 00:00:00,413.1463
5c1aba70-f716-4f33-9035-db287be74c00,2012-05-30 00:00:00,2013-05-29 00:00:00,486.7066
97942212-176f-422d-8432-e9bae7775707,2011-05-31 00:00:00,2012-05-29 00:00:00,413.1463
97942212-176f-422d-8432-e9bae7775707,2012-05-30 00:00:00,2013-05-29 00:00:00,486.7066
bbd7ded2-e79c-46c0-8fff-cb71728f2d9e,2011-05-31 00:00:00,2012-05-29 00:00:00,413.1463
bbd7ded2-e79c-46c0-8fff-cb71728f2d9e,2012-05-30 00:00:00,2013-05-29 00:00:00,486.7066
6144ec25-e41e-4ebc-8230-3e1aa53ce21b,2011-05-31 00:00:00,2012-05-29 00:00:00,413.1463
6144ec25-e41e-4ebc-8230-3e1aa53ce21b,2012-05-30 00:00:00,2013-05-29 00:00:00,486.7066
6cfc7c3c-9488-4251-af2d-d60dfaea4911,2011-05-31 00:00:00,2012-05-29 00:00:00,413.1463
6cfc7c3c-9488-4251-af2d-d60dfaea4911,2012-05-30 00:00:00,2013-05-29 00:00:00,486.7066
a16ed5b0-74c7-4812-adea-04b4abfd72c7,2011-05-31 00:00:00,2012-05-29 00:00:00,1912.1544
a8fcee30-f73d-42fb-a1bb-95d5e9e66a86,2011-05-31 00:00:00,2012-05-29 00:00:00,1912.1544
6cc3d977-da73-4856-b1ca-8a2f0b57b60b,2011-05-31 00:00:00,2012-05-29 00:00:00,1912.1544
5b78ca64-7982-49f2-8ec0-4e6bbfd5450e,2011-05-31 00:00:00,2012-05-29 00:00:00,1912.1544
03342abf-54b7-47ae-be8c-eafd20fb2d1c,2011-05-31 00:00:00,2012-05-29 00:00:00,1898.0944
0e912602-550e-441c-afe4-7ff468f5c618,2011-05-31 00:00:00,2012-05-29 00:00:00,1898.0944
852af53a-5738-432c-90c9-41e230990102,2011-05-31 00:00:00,2012-05-29 00:00:00,1898.0944
de8b1961-ea0e-4639-9482-7f71b3ed07d8,2011-05-31 00:00:00,2012-05-29 00:00:00,1898.0944
4550cbe3-c033-4b22-af8b-7b00e8173f95,2012-05-30 00:00:00,2013-05-29 00:00:00,1117.8559
4550cbe3-c033-4b22-af8b-7b00e8173f95,2013-05-30 00:00:00,,1265.6195
bb3cdc8c-7863-49eb-bb57-d59ba5ee6121,2012-05-30 00:00:00,2013-05-29 00:00:00,1117.8559
bb3cdc8c-7863-49eb-bb57-d59ba5ee6121,2013-05-30 00:00:00,,1265.6195
3ab2259b-bc23-42ad-8bfc-d0d985465644,2012-05-30 00:00:00,2013-05-29 00:00:00,1117.8559
3ab2259b-bc23-42ad-8bfc-d0d985465644,2013-05-30 00:00:00,,1265.6195
8fde1217-d397-49d8-bef4-08eb29a0806b,2012-05-30 00:00:00,2013-05-29 00:00:00,1105.81
8fde1217-d397-49d8-bef4-08eb29a0806b,2013-05-30 00:00:00,,1251.9813
9014b398-fe53-4fb0-8177-97347cea83c3,2012-05-30 00:00:00,2013-05-29 00:00:00,1105.81
9014b398-fe53-4fb0-8177-97347cea83c3,2013-05-30 00:00:00,,1251.9813
6b744120-18d1-44d2-b396-e0e4c8df06e8,2012-05-30 00:00:00,2013-05-29 00:00:00,1105.81
6b744120-18d1-44d2-b396-e0e4c8df06e8,2013-05-30 00:00:00,,1251.9813
032eeb77-32d2-4ade-a122-fd5873189326,2012-05-30 00:00:00,2013-05-29 00:00:00,598.4354
47faac73-dfcb-4838-9d2d-0fa58ffc0479,2012-05-30 00:00:00,2013-05-29 00:00:00,598.4354
ffac3ba6-1c32-45ea-af5b-deac473b0968,2012-05-30 00:00:00,2013-05-29 00:00:00,598.4354
46e1c973-49d5-47fa-a9d0-f0eca1798184,2012-05-30 00:00:00,2013-05-29 00:00:00,598.4354
c19e7973-0533-494c-84fd-99f3220b0ecc,2012-05-30 00:00:00,2013-05-29 00:00:00,1518.7864
c58e99fb-b92b-4691-a5fb-d9b1853b6e51,2012-05-30 00:00:00,2013-05-29 00:00:00,1518.7864
3dab0104-31f6-46a1-a85d-80b1dc080aec,2012-05-30 00:00:00,2013-05-29 00:00:00,1518.7864
1bb0beb1-9648-4bb3-9217-d41d4c5dfa2e,2012-05-30 00:00:00,2013-05-29 00:00:00,1320.6838
1bb0beb1-9648-4bb3-9217-d41d4c5dfa2e,2013-05-30 00:00:00,,1554.9479
d57b0ea4-b670-4c7b-85ac-29305f9c7f5c,2012-05-30 00:00:00,2013-05-29 00:00:00,1320.6838
d57b0ea4-b670-4c7b-85ac-29305f9c7f5c,2013-05-30 00:00:00,,1554.9479
a031927d-5485-4496-a6c3-ad5e1f7cdd5e,2012-05-30 00:00:00,2013-05-29 00:00:00,1320.6838
a031927d-5485-4496-a6c3-ad5e1f7cdd5e,2013-05-30 00:00:00,,1554.9479
d002fd5b-09c8-48db-8d8f-75991c5021d0,2012-05-30 00:00:00,2013-05-29 00:00:00,1320.6838
d002fd5b-09c8-48db-8d8f-75991c5021d0,2013-05-30 00:00:00,,1554.9479
205e08a5-a262-40f2-910b-6143b321646e,2012-05-30 00:00:00,2013-05-29 00:00:00,1320.6838
205e08a5-a262-40f2-910b-6143b321646e,2013-05-30 00:00:00,,1554.9479
1e268fc8-3476-4240-a51e-5f3ba679dd56,2012-05-30 00:00:00,2013-05-29 00:00:00,605.6492
1e268fc8-3476-4240-a51e-5f3ba679dd56,2013-05-30 00:00:00,,713.0798
34b4d246-7da9-4536-b79f-a137ed8a757e,2012-05-30 00:00:00,2013-05-29 00:00:00,605.6492
34b4d246-7da9-4536-b79f-a137ed8a757e,2013-05-30 00:00:00,,713.0798
29dcf145-8c76-452b-929d-cc48526b7369,2012-05-30 00:00:00,2013-05-29 00:00:00,605.6492
29dcf145-8c76-452b-929d-cc48526b7369,2013-05-30 00:00:00,,713.0798
bc67ce0d-72d6-4026-a2ca-fefc88073e50,2012-05-30 00:00:00,2013-05-29 00:00:00,605.6492
bc67ce0d-72d6-4026-a2ca-fefc88073e50,2013-05-30 00:00:00,,713.0798
90695886-0d2a-49bc-96ab-cbd428bdb201,2012-05-30 00:00:00,2013-05-29 00:00:00,605.6492
90695886-0d2a-49bc-96ab-cbd428bdb201,2013-05-30 00:00:00,,713.0798
a9c5cc91-e72a-4eb0-9672-40c621bcdaaa,2012-05-30 00:00:00,2013-05-29 00:00:00,65.8097
429dd43b-118f-4503-af6e-75466945c7c3,2012-05-30 00:00:00,2013-05-29 00:00:00,77.9176
8f8dbe95-d661-4497-bfd6-2605e1d925a0,2012-05-30 00:00:00,2013-05-29 00:00:00,101.8936
6fbc527d-b794-4601-936d-2fb9fa34596c,2012-05-30 00:00:00,2013-05-29 00:00:00,15.1848
f1bcdb07-de45-4402-88e8-80bc1589524d,2012-05-30 00:00:00,2013-05-29 00:00:00,45.4168
aede0cbc-c17b-4986-8f9f-59cf15393cec,2012-05-30 00:00:00,2013-05-29 00:00:00,55.3801
cc3ee208-7421-4082-9d27-89a3a3d92dc3,2012-05-30 00:00:00,2013-05-29 00:00:00,17.978
cc3ee208-7421-4082-9d27-89a3a3d92dc3,2013-05-30 00:00:00,,19.7758
d7c13a5c-42b0-47ea-af2c-6a55862b9033,2012-05-30 00:00:00,2013-05-29 00:00:00,24.9932
d7c13a5c-42b0-47ea-af2c-6a55862b9033,2013-05-30 00:00:00,,27.4925
62513e26-0315-4c75-8cab-691a431f44d1,2012-05-30 00:00:00,2013-05-29 00:00:00,48.5453
62513e26-0315-4c75-8cab-691a431f44d1,2013-05-30 00:00:00,,53.3999
eb502acd-d5f8-4c93-a7af-f0324968638b,2012-05-30 00:00:00,2013-05-29 00:00:00,17.978
eb502acd-d5f8-4c93-a7af-f0324968638b,2013-05-30 00:00:00,,19.7758
8f927375-895a-4ed2-adfc-88a0ac552eea,2012-05-30 00:00:00,2013-05-29 00:00:00,24.9932
8f927375-895a-4ed2-adfc-88a0ac552eea,2013-05-30 00:00:00,,27.4925
f0932622-c0e8-427d-a334-6aaf43e57a52,2012-05-30 00:00:00,2013-05-29 00:00:00,48.5453
f0932622-c0e8-427d-a334-6aaf43e57a52,2013-05-30 00:00:00,,53.3999
ce228b4f-bea6-4815-9ec4-3bcc9fea2dd6,2012-05-30 00:00:00,2013-05-29 00:00:00,185.8193
5d2faec8-43ab-4b53-ac89-9f9ff89d1ef9,2012-05-30 00:00:00,2013-05-29 00:00:00,26.9708
31e10fe9-6423-46c9-90a7-555cdc0abafd,2012-05-30 00:00:00,2013-05-29 00:00:00,92.8071
552107ad-b852-441a-8e37-5c7a6be68199,2012-05-30 00:00:00,2013-05-29 00:00:00,133.2955
04d07165-c689-4080-82b6-fa53305bd879,2012-05-30 00:00:00,2013-05-29 00:00:00,37.9909
9493b802-f467-4580-b74e-914257582ed0,2012-05-30 00:00:00,2013-05-29 00:00:00,110.2829
534db91b-b996-4fff-9ad5-8d5d85fc5af3,2012-05-30 00:00:00,2013-05-29 00:00:00,146.5466
3822ec02-0179-4020-bfa5-58d36934c007,2012-05-30 00:00:00,2013-05-29 00:00:00,96.7964
3b91c392-12c9-47b6-ba89-a4ea09aa3816,2012-05-30 00:00:00,2013-05-29 00:00:00,300.1188
3b91c392-12c9-47b6-ba89-a4ea09aa3816,2013-05-30 00:00:00,,360.9428
38a02bfc-3008-4ed9-ab77-b97c2899cf58,2012-05-30 00:00:00,2013-05-29 00:00:00,38.9588
85dff202-395a-4e85-a70d-fc9191be45c2,2012-05-30 00:00:00,2013-05-29 00:00:00,104.7951
17aed350-e4c1-43cc-b006-9d05cdf582c8,2012-05-30 00:00:00,2013-05-29 00:00:00,145.2835
41dd5f0d-fa41-438c-925c-90531575dfc4,2012-05-30 00:00:00,2013-05-29 00:00:00,49.9789
12073672-9bfa-4444-aecb-d9ee01d6d2ae,2012-05-30 00:00:00,2013-05-29 00:00:00,122.2709
3615d396-f30f-4805-b326-de5b780a5507,2012-05-30 00:00:00,2013-05-29 00:00:00,158.5346
9ea3a83a-7185-4ec1-b76b-7701420dc5b1,2012-05-30 00:00:00,2013-05-29 00:00:00,108.7844
f7c4fa11-8088-416e-892b-94872a66be44,2012-05-30 00:00:00,2013-05-29 00:00:00,185.8193
5050df3f-6da6-4654-9111-8c3985f4a582,2012-05-30 00:00:00,2013-05-29 00:00:00,185.8193
5025058b-ac69-43d2-b247-973eeff109bc,2012-05-30 00:00:00,2013-05-29 00:00:00,185.8193
9eca8cdb-b64f-445b-990d-47b4cd063721,2012-05-30 00:00:00,2013-05-29 00:00:00,300.1188
9eca8cdb-b64f-445b-990d-47b4cd063721,2013-05-30 00:00:00,,360.9428
4d2972aa-a2ea-4768-b0a1-251088670ac4,2012-05-30 00:00:00,2013-05-29 00:00:00,300.1188
4d2972aa-a2ea-4768-b0a1-251088670ac4,2013-05-30 00:00:00,,360.9428
d9ecc0d8-1409-4921-9ae5-b9f8c6bcafc5,2012-05-30 00:00:00,2013-05-29 00:00:00,300.1188
d9ecc0d8-1409-4921-9ae5-b9f8c6bcafc5,2013-05-30 00:00:00,,360.9428
0025c2c9-855d-45a7-92ad-f4ab2fb016d1,2012-05-30 00:00:00,2013-05-29 00:00:00,300.1188
0025c2c9-855d-45a7-92ad-f4ab2fb016d1,2013-05-30 00:00:00,,360.9428
44f73e49-4cfd-4496-9397-58f470228d3c,2012-05-30 00:00:00,2013-05-29 00:00:00,722.2568
44f73e49-4cfd-4496-9397-58f470228d3c,2013-05-30 00:00:00,,868.6342
a48966b7-d984-4a33-9fb9-1997bdde3ba9,2012-05-30 00:00:00,2013-05-29 00:00:00,722.2568
a48966b7-d984-4a33-9fb9-1997bdde3ba9,2013-05-30 00:00:00,,868.6342
86a9a178-eace-41d9-9b4e-2dfe6a7f3be8,2012-05-30 00:00:00,2013-05-29 00:00:00,722.2568
86a9a178-eace-41d9-9b4e-2dfe6a7f3be8,2013-05-30 00:00:00,,868.6342
a2a161c9-fc44-40fb-9acd-edd7e77801af,2012-05-30 00:00:00,2013-05-29 00:00:00,722.2568
a2a161c9-fc44-40fb-9acd-edd7e77801af,2013-05-30 00:00:00,,868.6342
f6fa73a9-4c3c-4242-8c6e-18d82f02fcf9,2012-05-30 00:00:00,2013-05-29 00:00:00,24.7459
620bc2b9-2fba-4312-9f86-86bbdca8f418,2012-05-30 00:00:00,2013-05-29 00:00:00,51.5625
91953aae-d487-4598-85d2-bb53a021c440,2012-05-30 00:00:00,2013-05-29 00:00:00,10.3125
575a8a9d-ea40-4739-997e-08e317b3e6e3,2012-05-30 00:00:00,2013-05-29 00:00:00,8.2459
02274781-0b9e-48fd-bce3-8e295a41909b,2012-05-30 00:00:00,2013-05-29 00:00:00,10.3084
bf846b9f-642f-40e6-8cb1-8c2b4aa09a22,2012-05-30 00:00:00,2013-05-29 00:00:00,5.7709
2df10d17-fdc0-4397-a6a2-191f8f6bf0c3,2012-05-30 00:00:00,2013-05-29 00:00:00,14.4334
d8f1ff26-6a35-4e95-814b-de35bdd87ce0,2012-05-30 00:00:00,2013-05-29 00:00:00,18.5584
3b2d5ea1-29ba-4566-bb0a-f3f6a5d6eb52,2012-05-30 00:00:00,2013-05-29 00:00:00,24.7459
87e429b4-7156-40b9-adb8-3e2e4ac8a8f9,2012-05-30 00:00:00,2013-05-29 00:00:00,24.7459
3f359710-61d0-49e1-88b5-59a0498e7a83,2012-05-30 00:00:00,2013-05-29 00:00:00,24.7459
3f5d72f5-b5bc-43d9-b6d2-48285c115b21,2012-05-30 00:00:00,2013-05-29 00:00:00,30.9334
53aa7514-b3fe-42f8-b812-acd59c4592ce,2012-05-30 00:00:00,2013-05-29 00:00:00,30.9334
001a3a89-15cc-435e-89e5-0c844f44f595,2012-05-30 00:00:00,2013-05-29 00:00:00,30.9334
96400ccc-3688-4446-8fe2-c9e2b2286dbe,2012-05-30 00:00:00,2013-05-29 00:00:00,37.1209
2a51f8bc-d55b-49af-920f-341fb77a71b1,2012-05-30 00:00:00,2013-05-29 00:00:00,37.1209
d2888e26-c26b-41e5-beab-0955f9c07bb6,2012-05-30 00:00:00,2013-05-29 00:00:00,37.1209
8cfec367-49dd-44f0-a4b7-81bd6f9bc20c,2012-05-30 00:00:00,2013-05-29 00:00:00,9.7136
8cfec367-49dd-44f0-a4b7-81bd6f9bc20c,2013-05-30 00:00:00,,9.1593
012fbb46-4cd3-4288-b1fa-d6fe3203db0f,2012-05-30 00:00:00,2013-05-29 00:00:00,9.7136
012fbb46-4cd3-4288-b1fa-d6fe3203db0f,2013-05-30 00:00:00,,9.1593
23322ca8-e78f-4e60-a160-5d1e94156403,2012-05-30 00:00:00,2013-05-29 00:00:00,9.7136
23322ca8-e78f-4e60-a160-5d1e94156403,2013-05-30 00:00:00,,9.1593
84a1608e-2d4f-45b1-b28d-fdf1053f4f38,2012-05-30 00:00:00,2013-05-29 00:00:00,15.6709
c86fa47b-7abb-4704-a3a0-72672b79f306,2012-05-30 00:00:00,2013-05-29 00:00:00,15.6709
aa496d61-efa1-44b6-8b6f-a05b18c3ec25,2012-05-30 00:00:00,2013-05-29 00:00:00,15.6709
0fcd0d2f-4f37-40ed-9d9e-c915482f002b,2013-05-30 00:00:00,,23.749
f3a1a020-29d6-450a-a649-88f5a29a5c8a,2013-05-30 00:00:00,,23.749
045ef7c4-95fa-431b-9733-23b08000078b,2013-05-30 00:00:00,,23.749
f0a0c34c-53ad-4d50-b59e-2dde7b71cb55,2013-05-30 00:00:00,,26.1763
f7a40aea-73fe-46af-826c-9333c38bd221,2013-05-30 00:00:00,,26.1763
2c372316-0257-442e-ac56-9e7a2d7c1793,2013-05-30 00:00:00,,26.1763
4782606a-0c9b-477e-9e0f-e996d5c298e2,2013-05-30 00:00:00,,1.8663
6e148e42-5cc5-45e0-86cc-0599c2490560,2013-05-30 00:00:00,,3.7363
b978529c-3dff-4916-90da-9ea688df7333,2013-05-30 00:00:00,,3.3623
eca4e568-b2dc-4f1e-aa55-444911bfedcf,2013-05-30 00:00:00,,0.8565
a188811a-7b81-404a-a51a-7dc0500740d4,2013-05-30 00:00:00,,3.3623
eecf7d11-2a88-4636-b66c-8404946577c6,2013-05-30 00:00:00,,3.3623
9d7e34ff-9daf-4d53-a2e2-c4433ddbc8ac,2013-05-30 00:00:00,,44.88
ff814bac-d3da-4f66-b911-96ae92edb41a,2013-05-30 00:00:00,,2.9733
ca8f411c-0afd-4857-89df-427a7fc28b72,2013-05-30 00:00:00,,8.2205
81b79a06-36f9-4d7b-967e-29ac4c2d9c83,2013-05-30 00:00:00,,59.466
4660f34e-9756-478f-a608-75985d50bb59,2013-05-30 00:00:00,,20.5663
4679efad-05d2-4411-917d-1101386b453d,2013-05-30 00:00:00,,41.5723
d943aede-2a57-4244-ad61-241e606bfa4f,2013-05-30 00:00:00,,41.5723
ae996b63-bbd0-4942-8332-a7a0602ff521,2013-05-30 00:00:00,,41.5723
07f93ab3-8ef3-4951-ad0a-7736bfe4526f,2013-05-30 00:00:00,,41.5723
4e953b1f-7874-4ee8-940d-49dc72a54089,2013-05-30 00:00:00,,601.7437
65184fd4-a1cf-4b02-b15a-d4250852ab89,2013-05-30 00:00:00,,199.8519
15cb43da-7af2-45c7-a978-47177716b1ba,2013-05-30 00:00:00,,601.7437
508b7487-b39a-4283-be24-705e03b03a99,2013-05-30 00:00:00,,601.7437
9b301798-2fc9-41d5-9c25-330322d2a39b,2013-05-30 00:00:00,,601.7437
8bc8be76-d86c-46ab-b9ee-771121c40d23,2013-05-30 00:00:00,,601.7437
148b277a-3e0b-4660-afe9-46279d01951a,2013-05-30 00:00:00,,601.7437
49cb46cc-0329-4073-bfa4-d64cb370172a,2013-05-30 00:00:00,,601.7437
2ecff5a0-9e0c-4b77-a7fc-e50a35e61f4a,2013-05-30 00:00:00,,601.7437
553be5d8-6a6a-40f0-a543-5046f0f2d12c,2013-05-30 00:00:00,,53.9282
7b182661-560d-4c99-8d9b-e7f9b8dea315,2013-05-30 00:00:00,,199.8519
00d697bd-e064-4e0a-8486-c04f6a4377c3,2013-05-30 00:00:00,,199.8519
46bd432a-7338-45a5-9489-0c4ec40ebd75,2013-05-30 00:00:00,,199.8519
0a172c16-d28e-4f60-8731-6c7bfafd626e,2013-05-30 00:00:00,,199.8519
33af534d-791b-4e79-83ba-8dbead780cca,2013-05-30 00:00:00,,199.8519
32c6d99e-60aa-4fb0-b02a-4d8b6fa00df9,2013-05-30 00:00:00,,199.8519
034dd255-b8c6-4487-aa04-df987a7f9883,2013-05-30 00:00:00,,199.8519
d6b7d804-9c7a-4790-bde4-f37aca393a9c,2013-05-30 00:00:00,,199.8519
ead0d496-8c78-4a34-985a-09fdb5afa5a5,2013-05-30 00:00:00,,199.8519
3c58bc23-ca1b-45e9-8089-163553ba5e56,2013-05-30 00:00:00,,199.3757
4d3ef241-c1b4-4d65-8d6c-3a5e16e6315e,2013-05-30 00:00:00,,199.3757
903c137b-1cc1-47c6-ac9a-c543adf88bcb,2013-05-30 00:00:00,,199.3757
6e6f4c61-14c7-44fa-a237-565838e49bdb,2013-05-30 00:00:00,,47.286
c018f098-edca-4518-8c45-825518ab6dfa,2013-05-30 00:00:00,,12.0413
72c1a1ef-01b5-4735-b197-13fba276f838,2013-05-30 00:00:00,,17.3782
a80648ee-8bba-4ba0-a3e7-37ec038f8c31,2013-05-30 00:00:00,,23.3722
8b970db8-0b37-4005-bf21-7f1e450e6dc9,2013-05-30 00:00:00,,12.0413
bdedb334-e600-428b-94b5-05d7e5bb2fed,2013-05-30 00:00:00,,17.3782
4ff629fe-afe7-4ce3-ad78-1b7951100c74,2013-05-30 00:00:00,,23.3722
706c7d6d-63a8-4b13-9307-91771521261d,2013-05-30 00:00:00,,12.0413
eeafebf3-aab4-4b46-b852-c81646deea34,2013-05-30 00:00:00,,17.3782
7478abf4-1a94-4618-ac1a-d0e18ff019d6,2013-05-30 00:00:00,,23.3722
e6f3e1fb-8250-487d-b38c-df7d6a3cdbeb,2013-05-30 00:00:00,,144.5938
af6cf083-89b2-4764-9a6f-23a681c55134,2013-05-30 00:00:00,,144.5938
69ce0031-0705-482b-9d95-03ba146d4df7,2013-05-30 00:00:00,,144.5938
824e35ab-e7db-4b0d-a389-7524973b62ac,2013-05-30 00:00:00,,144.5938
5c21012d-91d4-450b-ad27-bd9311847781,2013-05-30 00:00:00,,1.8663
c0429100-f92a-42a4-afa5-b652cee57249,2013-05-30 00:00:00,,1.4923
e03e45e2-c033-4832-9ece-c8bd1ff42d30,2013-05-30 00:00:00,,1.8663
19ad13f4-c072-43dc-a803-a0e356fe0370,2013-05-30 00:00:00,,136.785
9bce1547-f99a-40de-bf4a-22e457416b67,2013-05-30 00:00:00,,136.785
f97de475-9d9a-4989-9fcd-61cb6ba52ee0,2013-05-30 00:00:00,,136.785
226c65bd-af15-43e6-8de3-9251fe84d894,2013-05-30 00:00:00,,136.785
a9c90cfa-eab9-4fa8-b570-fc4bde2fc0dd,2013-05-30 00:00:00,,9.3463
86b151b1-0502-4068-b4b1-53e00cb7821a,2013-05-30 00:00:00,,11.2163
0e0dc390-a9fd-4781-b354-71c1639aec8d,2013-05-30 00:00:00,,13.09
c29770e4-ee45-4307-a756-04c1a8780c9b,2013-05-30 00:00:00,,8.0373
aa35d45b-d440-4ff6-9dc9-0c14277b1925,2013-05-30 00:00:00,,9.3463
fe7a6a2b-d6a6-48e7-869b-91acf497fe83,2013-05-30 00:00:00,,12.1924
71cee1fa-a7d3-423a-8bf8-d586f864dc30,2013-05-30 00:00:00,,10.8423
52c6dab5-0084-4f4d-8f21-42ab0778ff11,2013-05-30 00:00:00,,17.9776
19da126a-c1c9-40a0-a361-a4a5ed0288a1,2013-05-30 00:00:00,,27.568
4b67b77f-4bfb-429a-aa94-91f915bcf048,2013-05-30 00:00:00,,35.9596
c51bb610-3391-42d9-921a-8ac5ea5fe70a,2013-05-30 00:00:00,,17.9776
a6799320-6f1a-4bb8-8b2c-75c7e38f46a4,2013-05-30 00:00:00,,27.568
204a4c4f-4334-46a9-ae63-a82841de7147,2013-05-30 00:00:00,,35.9596
55eba9c8-6e05-438a-91b9-56126125c81e,2013-05-30 00:00:00,,35.9596
82a9cccc-088a-4477-83ab-eb7c4a90edd2,2013-05-30 00:00:00,,199.3757
7e1bc892-59f9-4451-ba15-dd777c88a7bf,2013-05-30 00:00:00,,136.785
06bfa0ff-a56c-43d4-9226-f641c27a09ed,2013-05-30 00:00:00,,144.5938
020cd2f9-46b3-4d75-8f85-9f19fd96d4dd,2013-05-30 00:00:00,,40.6216
909f7838-a2e1-4ad6-b192-d37d9c739972,2013-05-30 00:00:00,,20.464
0f82ee61-5f2d-429f-8d15-3c477cf1d485,2013-05-30 00:00:00,,40.6571
fb4ea58b-224a-4025-ace2-f18b3c4644ab,2013-05-30 00:00:00,,47.286
8b63c57a-01e2-4628-afd4-848a604b3ba9,2013-05-30 00:00:00,,77.9176
8738ad03-eb07-4a98-9cbb-c99d5f56b317,2013-05-30 00:00:00,,113.8816
c11b4f87-b152-4106-ab22-8899d60badaa,2013-05-30 00:00:00,,179.8156
ed8b4c31-7ac9-45af-bbdb-139a4526154d,2013-05-30 00:00:00,,8.9866
df8a132e-2afc-44f5-b475-83549c976416,2013-05-30 00:00:00,,755.1508
681d729f-da4f-4ee4-a4bc-cc67e8501332,2013-05-30 00:00:00,,1481.9379
79df957c-9fbf-457d-9b88-b96d07a07df6,2013-05-30 00:00:00,,1481.9379
d3aec913-eebc-450e-81ce-2ae9b0e79c2c,2013-05-30 00:00:00,,1481.9379
d5a1745e-512a-4b41-95ef-4cc650f12ee6,2013-05-30 00:00:00,,1481.9379
d1d6f9c9-0ea3-412a-8336-4428d447564f,2013-05-30 00:00:00,,461.4448
8699e78f-9041-4865-a4ac-add3846c9dcd,2013-05-30 00:00:00,,461.4448
41aaf00f-62b9-4a28-9a7b-ac005c5bc4e1,2013-05-30 00:00:00,,461.4448
6cff086b-0f17-4fda-a304-7479e5f57f4b,2013-05-30 00:00:00,,461.4448
5fb55b6a-a6e8-4c97-baa5-32e58f0852be,2013-05-30 00:00:00,,461.4448
7614c1d6-4518-4d23-b199-3b172d3db8dc,2013-05-30 00:00:00,,461.4448
95f3c08d-7417-46a2-8ddf-ede85539d8cb,2013-05-30 00:00:00,,461.4448
6ec96a66-41bd-4185-8f64-d96de0b517f4,2013-05-30 00:00:00,,461.4448
0bcdf26e-83fc-4c51-956d-5fa4333ef1cf,2013-05-30 00:00:00,,1481.9379
c5de368c-7bad-4f14-809f-e1e095b985a3,2013-05-30 00:00:00,,1481.9379
b4e41c93-3be1-4d51-9ed4-b13985427fd1,2013-05-30 00:00:00,,1481.9379
b443720f-61f8-4c60-aff8-a1a2acccec4e,2013-05-30 00:00:00,,1481.9379
832497fb-759a-4c1a-a048-7e400fc82252,2013-05-30 00:00:00,,755.1508
a4eb0868-d22e-44e1-b5ea-52e7dec523e6,2013-05-30 00:00:00,,755.1508
0ca845f4-8a26-489d-8001-c14693941ed0,2013-05-30 00:00:00,,755.1508
4e1cc78a-8fb4-4150-8f45-538d9cdf9534,2013-05-30 00:00:00,,1082.51
d31475b5-00e7-4dc9-a860-dd8b02382aa9,2013-05-30 00:00:00,,1082.51
1a5be727-89db-47d2-a367-595b06984346,2013-05-30 00:00:00,,1082.51
997a4288-fa52-4757-83f0-0282eff84b00,2013-05-30 00:00:00,,1082.51
8d7a399f-c66b-48f3-aa0d-dc2307f650f1,2013-05-30 00:00:00,,343.6496
5a01c6c2-a5d8-47ec-a23f-9e08a494b17b,2013-05-30 00:00:00,,461.4448
6ffc6f55-4c9b-4754-9587-48ea030d529d,2013-05-30 00:00:00,,461.4448
2139f5cd-c7e4-4c6e-9e51-7bac62fcd556,2013-05-30 00:00:00,,419.7784
87746c06-0bdd-475b-9305-a8eb260c1b92,2013-05-30 00:00:00,,419.7784
17e2a0f6-9af8-4158-9ef6-1e53fc5fe1e2,2013-05-30 00:00:00,,419.7784
d1dacc4f-d2bd-471d-b79c-93fa7af9afc2,2013-05-30 00:00:00,,419.7784
749c1b60-cec2-47ce-893b-d5cf75335850,2013-05-30 00:00:00,,308.2179
765b1c6f-a1e2-4359-9453-824e7f40a15e,2013-05-30 00:00:00,,308.2179
527e2f6d-a5f6-4c36-a937-deef2fbc47e8,2013-05-30 00:00:00,,308.2179
fa3b3c40-ecaf-45e9-a084-1c717ee305a6,2013-05-30 00:00:00,,308.2179
6bead63b-f257-4bed-bd8e-564e9ad98744,2013-05-30 00:00:00,,308.2179
e7f9c66f-61d6-46af-b105-b2c6d95bdc09,2013-05-30 00:00:00,,294.5797
ce0a0304-eeaf-4032-b4ae-1a31c74ce76b,2013-05-30 00:00:00,,294.5797
71e070ce-de7f-4327-bedf-bfb3b1b7b1e1,2013-05-30 00:00:00,,294.5797
ee1e7548-8827-4e3e-a68b-2079ce1d5426,2013-05-30 00:00:00,,294.5797
fa7db475-1b85-427c-8412-1631c8f94cca,2013-05-30 00:00:00,,294.5797
87690ff0-34eb-415a-98ee-981a622b9720,2013-05-30 00:00:00,,23.9716
200cc53b-149e-4ca9-b6c5-a24b64c21037,2013-05-30 00:00:00,,44.9506
4fd0321d-ee23-42e9-a83a-5e00b9cfd4a7,2013-05-30 00:00:00,,53.9416
1f5b6be5-4c24-44dd-8ad7-485c8af1e663,2013-05-30 00:00:00,,343.6496
be9d43b2-f6c0-438f-96dd-d617d940e01b,2013-05-30 00:00:00,,343.6496
baa5d2ab-1ca0-4515-bc82-da9b19597385,2013-05-30 00:00:00,,343.6496
