store_id,sales_person_id,name
e88ca038-7d3c-4343-a8cf-a273d7162426,28141e19-49e8-4090-9196-6e8f43b10de8,Next-Door Bike Store
48cab4d0-b342-451e-8f51-c0deeba6cbc4,16eb6889-25f7-475a-9eff-92024a00fde9,Professional Sales and Service
8b7b3e1a-51b7-4f62-9633-190ad3fa4471,0ca60d7b-b278-4a10-88c7-aa2c62611482,Riders Company
f1de0f2a-8c21-49eb-9631-01fd08c7e49b,0e8f1395-12c4-4d5b-b2df-257bc78a9b29,The Bike Mechanics
562eb541-ed31-4a78-b58f-ec1ecf57dea7,9787b7d5-2461-464d-9354-2da1defdb675,Nationwide Supply
aa8d0b91-41c1-46ab-a6fb-6cabb192261b,59948fbd-99d9-43fd-b5ab-20614fc4193d,Area Bike Accessories
8a0ae352-2aa3-437b-ada1-a60a5c5d328c,e03321bf-f1d3-4324-9184-008d6fb535da,Bicycle Accessories and Kits
ebc7e3c5-04f0-453c-8a6d-0e013a7cc981,0e8f1395-12c4-4d5b-b2df-257bc78a9b29,Clamps & Brackets Co.
1b790e1f-6b0c-4d27-a4f6-25893343fb6e,0ca60d7b-b278-4a10-88c7-aa2c62611482,Valley Bicycle Specialists
f9c45a44-846b-4f05-9f15-6a55d00fe063,28141e19-49e8-4090-9196-6e8f43b10de8,New Bikes Company
0e2d0825-b09a-4037-a6fd-5bc46b80e0f4,27d62980-8d18-4170-95a5-7f7bb9cada5a,Vinyl and Plastic Goods Corporation
26e0da79-f449-4326-8fdc-4986d3b03e8e,9737ee67-ea97-4ab7-9e6c-70f8878c6ab2,Top of the Line Bikes
9c5ba152-7f12-41e8-b4bc-607acce41d7a,59948fbd-99d9-43fd-b5ab-20614fc4193d,Fun Toys and Bikes
5ea15abb-ac10-4343-a64f-77bb0bf4bd76,e03321bf-f1d3-4324-9184-008d6fb535da,Great Bikes 
754521d9-35e6-4129-b13c-6e42a6ed427c,0e8f1395-12c4-4d5b-b2df-257bc78a9b29,Metropolitan Sales and Rental
163f3efe-7c9a-4535-a4e3-fdda19702001,9737ee67-ea97-4ab7-9e6c-70f8878c6ab2,Irregulars Outlet
9aca9752-3ae7-4644-9f24-3474cbbd3fc8,27d62980-8d18-4170-95a5-7f7bb9cada5a,Valley Toy Store
00e81eeb-6e1a-43b7-a101-1166fee946de,28141e19-49e8-4090-9196-6e8f43b10de8,Worthwhile Activity Store
32caa342-d4b6-4ff1-b119-7a12f8b2fb41,0e8f1395-12c4-4d5b-b2df-257bc78a9b29,Purchase Mart
8bc026dc-e652-40ea-b5ea-d06f020ffde7,e03321bf-f1d3-4324-9184-008d6fb535da,Major Sport Suppliers
a84aec47-b217-49fd-b638-593ef51275a4,f077eda9-c3db-4fde-81d2-e0f7ada08fcc,Family's Favorite Bike Shop
ed377a69-0da3-4bc1-857e-09d2f5d0824e,28141e19-49e8-4090-9196-6e8f43b10de8,Global Plaza
cfa7a82b-ff1b-4887-ba54-c4d354dd31a5,16eb6889-25f7-475a-9eff-92024a00fde9,Imported and Domestic Cycles
14ced7ef-b9ac-4238-a41a-5d32299e98b3,59948fbd-99d9-43fd-b5ab-20614fc4193d,Systematic Sales
f71d1032-69d5-4cec-9387-2abf0749ba81,28141e19-49e8-4090-9196-6e8f43b10de8,eCommerce Bikes
6338be51-26ba-463a-afe2-b05ced37e666,0ca60d7b-b278-4a10-88c7-aa2c62611482,Mountain Toy Store
416d8642-6921-4523-bd8b-5994d00d5afa,0e8f1395-12c4-4d5b-b2df-257bc78a9b29,Retail Sales and Service
1f550127-bb56-4a43-b5b9-3ba81f03ebcf,27d62980-8d18-4170-95a5-7f7bb9cada5a,Designated Distributors
eeab60ab-4078-4e66-905e-b6f831f071e4,16eb6889-25f7-475a-9eff-92024a00fde9,Bold Bike Accessories
059fbde0-a554-4a52-920f-a5c2822bdf00,9787b7d5-2461-464d-9354-2da1defdb675,Twin Cycles
ae1946ea-94cf-4ef7-8d69-a55f85ad5f36,28141e19-49e8-4090-9196-6e8f43b10de8,Tiny Bike Boutique
bc45d796-351a-4b41-8858-f5313166ed64,28141e19-49e8-4090-9196-6e8f43b10de8,Acclaimed Bicycle Company
a0a455a2-5a97-4645-b7a6-20d63237b2c8,f077eda9-c3db-4fde-81d2-e0f7ada08fcc,Serious Cycles
23345cba-009c-4eb3-ac73-35d4d278eac5,9787b7d5-2461-464d-9354-2da1defdb675,Quality Bike Sales
79120b75-3d7c-4435-a707-d7f24ce1ea16,0e8f1395-12c4-4d5b-b2df-257bc78a9b29,Novelty Bikes
4ebf1c75-48ea-445c-8636-e8d98a6d537e,28141e19-49e8-4090-9196-6e8f43b10de8,Distinctive Cycles Sales & Service
e7f330c6-994a-4c12-a5f3-ea204389fed8,28141e19-49e8-4090-9196-6e8f43b10de8,Leading Bike Distributors
8049f2f8-818c-414c-8f69-e11729e0ffea,28141e19-49e8-4090-9196-6e8f43b10de8,Activity Center
8b5fe1a9-82bc-4482-ab9e-81bf5ef913c9,59948fbd-99d9-43fd-b5ab-20614fc4193d,Brightwork Company
fdfe979d-b466-41a3-a44b-d52f873e144a,16eb6889-25f7-475a-9eff-92024a00fde9,Resale Services
63f0a9b7-ce26-40b8-b330-9b956cce6b85,0ca60d7b-b278-4a10-88c7-aa2c62611482,The Gear Store
2c194ec5-e574-4e37-80c0-9eb80153af48,0ca60d7b-b278-4a10-88c7-aa2c62611482,Immense Manufacturing Company
4a28574b-cfee-43ab-84c4-0324a7366ed9,16eb6889-25f7-475a-9eff-92024a00fde9,Extended Bike Sales
1b89d137-9235-4280-b29d-23e9598daeae,9737ee67-ea97-4ab7-9e6c-70f8878c6ab2,Pedaling Components
adb7d524-1765-45c9-9366-16551f391078,27d62980-8d18-4170-95a5-7f7bb9cada5a,Workout Emporium
9d8eac2d-e329-4d9d-8305-bf24c796fab9,0e8f1395-12c4-4d5b-b2df-257bc78a9b29,Work and Play Association
93e5c14d-78a5-44b9-b352-0cc84fed3e30,9787b7d5-2461-464d-9354-2da1defdb675,Seaside Bike Works
523ed470-f1f2-487e-8838-7aa30a304e12,f077eda9-c3db-4fde-81d2-e0f7ada08fcc,Nice Bikes
3408a2b3-f3eb-4f52-b66e-87019b299fa2,16eb6889-25f7-475a-9eff-92024a00fde9,Remarkable Bike Store
46fa3c57-6936-4a8b-b486-1d87650a87a3,e03321bf-f1d3-4324-9184-008d6fb535da,Road-Way Mart
d9e395e7-7140-4da4-a555-12b2068996a2,0e8f1395-12c4-4d5b-b2df-257bc78a9b29,Small Cycle Store
1182a677-2d27-42d3-9aa6-27ef790a5e83,28141e19-49e8-4090-9196-6e8f43b10de8,Blue-Ribbon Bike Company
9d611b3f-8326-4e98-8594-116b1007752f,16eb6889-25f7-475a-9eff-92024a00fde9,Flawless Bike Shop
45a900bf-10b6-49ff-acdd-d6994a8cd063,0ca60d7b-b278-4a10-88c7-aa2c62611482,Grand Bicycle Stores
31422d58-e3a5-49c8-ae97-cf70a6747976,59948fbd-99d9-43fd-b5ab-20614fc4193d,Exertion Activities Club
42415c5d-959d-4902-a41c-2d80501b0504,e03321bf-f1d3-4324-9184-008d6fb535da,Impromptu Trips
49f60061-1174-42eb-bdfe-3d0df1392db4,0e8f1395-12c4-4d5b-b2df-257bc78a9b29,Margie's Travel
9a60c6c3-8124-4964-953e-0759d475c9ce,0e8f1395-12c4-4d5b-b2df-257bc78a9b29,Kickstand Sellers
0a7f5f12-801e-49d7-8a1f-7a6954ac9e04,9787b7d5-2461-464d-9354-2da1defdb675,Nearest Bike Store
bd2c7d2b-b56d-41cc-b290-9dd69b2b9660,9787b7d5-2461-464d-9354-2da1defdb675,Fast Bike Works
a4b09741-7fa1-48ae-8266-473964c3ec2b,f077eda9-c3db-4fde-81d2-e0f7ada08fcc,Gasless Cycle Shop
f1aaa280-d133-4b45-8325-53ae970bac4e,28141e19-49e8-4090-9196-6e8f43b10de8,Lubricant and Grease Suppliers
8867ef7f-ee5b-462f-ab3c-dc6126757834,9737ee67-ea97-4ab7-9e6c-70f8878c6ab2,Teen Discount Store
30730f2d-9efe-4b95-b5f2-46a4c6fdea81,27d62980-8d18-4170-95a5-7f7bb9cada5a,Transportation Options
3ec0b5a0-5d46-449e-bbc0-a0464bed2e19,9737ee67-ea97-4ab7-9e6c-70f8878c6ab2,Capital Riding Supplies
6698b203-32b3-4edf-9e17-2e77ad66833b,0e8f1395-12c4-4d5b-b2df-257bc78a9b29,Bike Boutique
2b1a4fa3-275a-4222-8046-154cf4690f3c,0e8f1395-12c4-4d5b-b2df-257bc78a9b29,Bikes Anyone?
a6ab3793-5c48-4c64-ad00-8303510aab10,9787b7d5-2461-464d-9354-2da1defdb675,Cross-town Parts Shop
36812537-9b1b-456a-a19d-502e92fd3da4,f077eda9-c3db-4fde-81d2-e0f7ada08fcc,Finer Cycle Shop
4bbea719-7d1e-4c36-abc4-0a86d8c7676f,48505c49-f9c7-4476-a670-158f89c331a7,Center Cycle Shop
48701014-14b5-4ea4-ab5a-033b9d1f91f9,0445ab08-f703-4d2c-8ab3-fb7948bc1a48,Bulk Discount Store
5d911e52-11d3-4dd5-b226-e93c483b15ea,3c91dda3-5a66-476e-b9d4-b686e959bda5,Country Parts Shop
96fb6359-e6f4-4eb1-aea2-8d6ea7659391,9787b7d5-2461-464d-9354-2da1defdb675,Second Bike Shop
224379d0-ce57-4a73-a5d5-8fc29cd7c4b0,f077eda9-c3db-4fde-81d2-e0f7ada08fcc,First-Rate Outlet
f81a290f-d936-478f-8104-8fdf1762b847,28141e19-49e8-4090-9196-6e8f43b10de8,Juvenile Sports Equipment
d25cc191-9f4a-4ffe-b975-62ead389654e,e03321bf-f1d3-4324-9184-008d6fb535da,Another Bicycle Company
fc0a5080-1288-4a6f-8e75-9fcc36a9b496,0e8f1395-12c4-4d5b-b2df-257bc78a9b29,Fourth Bike Store
a843d8a6-f0ed-47f2-a051-21408da51910,9737ee67-ea97-4ab7-9e6c-70f8878c6ab2,Rodeway Bike Store
363c6eb5-ea65-433b-b053-8dd473f7a24b,16eb6889-25f7-475a-9eff-92024a00fde9,Traction Tire Company
41494579-9041-487e-844e-49cdc164fe87,0ca60d7b-b278-4a10-88c7-aa2c62611482,Unsurpassed Bikes
985acd4c-3c9d-462f-bb76-9687ddc00dd8,0e8f1395-12c4-4d5b-b2df-257bc78a9b29,Field Trip Inc
7e9a7d60-5bf2-4e62-b8e5-ab50a2024c55,0e8f1395-12c4-4d5b-b2df-257bc78a9b29,Tire Company
d973dcfa-58f0-4659-9305-439cfbabc7cd,9787b7d5-2461-464d-9354-2da1defdb675,Uncompromising Quality Co
6e17f5b2-2e5c-4aa7-b905-bc900c262bfc,59948fbd-99d9-43fd-b5ab-20614fc4193d,Metallic Paint and Overcoat Co
5f28c5dc-26b8-468e-ac73-2b4c2ff869ee,16eb6889-25f7-475a-9eff-92024a00fde9,Pro Sporting Goods
84261650-d076-471e-9802-a97bb91e6b73,28141e19-49e8-4090-9196-6e8f43b10de8,Sporting Goods and Bicycle Shop
cb44551e-96a4-4634-aff5-7377de6d2700,f077eda9-c3db-4fde-81d2-e0f7ada08fcc,Odometers and Accessories Company
6bf0e94f-52f4-4eb5-a569-a5bae6994906,27d62980-8d18-4170-95a5-7f7bb9cada5a,Scratch-Resistant Finishes Company
561cbeb5-f4ef-442d-8d68-353c77f080ed,28141e19-49e8-4090-9196-6e8f43b10de8,Topnotch Bikes
244dfe8e-0cc0-4e52-8e7e-c663815216f3,59948fbd-99d9-43fd-b5ab-20614fc4193d,"Unicycles, Bicycles, and Tricycles"
61e0f43a-d25c-46af-8670-e3fa1624f924,e03321bf-f1d3-4324-9184-008d6fb535da,Safe Cycles Shop
c1dd1285-cff7-456e-957b-56769a209b59,59948fbd-99d9-43fd-b5ab-20614fc4193d,Number 1 Supply
745e0bce-cfc2-4fb2-9bca-253c1b4cd2a1,28141e19-49e8-4090-9196-6e8f43b10de8,Industrial Supplies
d922410a-680e-4d21-9de7-6a027e42c0ed,59948fbd-99d9-43fd-b5ab-20614fc4193d,Golf and Cycle Store
15b099b3-9ae5-4f49-adbb-e150e00a2cbd,28141e19-49e8-4090-9196-6e8f43b10de8,Front Runner Bikes
50d3c3f7-3cc3-46a3-ab5e-8a8e3e565a12,3c91dda3-5a66-476e-b9d4-b686e959bda5,Favorite Toy Distributor
e56dfdc5-9b49-43be-b4ab-80d0fbabff6b,16eb6889-25f7-475a-9eff-92024a00fde9,World Bike Discount Store
4787d697-9add-46b1-b1fd-20d491e77b80,0ca60d7b-b278-4a10-88c7-aa2c62611482,Global Sporting Goods
79f2be9b-6746-4ccf-980f-8acd5e4eb19e,0e8f1395-12c4-4d5b-b2df-257bc78a9b29,Historic Bicycle Sales
51ca2aa3-2c2b-4b2e-b5fb-5a7f74b8bb7a,27d62980-8d18-4170-95a5-7f7bb9cada5a,Commuter Bicycle Store
aaea38b0-c524-4441-883f-f4d55598646d,59948fbd-99d9-43fd-b5ab-20614fc4193d,Coalition Bike Company
6d504d4b-1d6d-4586-80a3-2be71a8b7acb,0ca60d7b-b278-4a10-88c7-aa2c62611482,Travel Systems
78f4d243-d27f-4926-be31-e2b6a4cdfca0,0ca60d7b-b278-4a10-88c7-aa2c62611482,Grease and Oil Products Company
b056a8a7-d445-4c45-b9dd-9318bb204c11,48505c49-f9c7-4476-a670-158f89c331a7,Moderately-Priced Bikes Store
cee9bc8c-58cc-4287-8850-9ab679194001,f077eda9-c3db-4fde-81d2-e0f7ada08fcc,Toy Manufacturing Inc
c6d4bad7-221b-4fec-b078-8e49697d4304,28141e19-49e8-4090-9196-6e8f43b10de8,Eighty Toy Stores
7553ebd0-f41b-4dc8-ba61-b94a95b70821,16eb6889-25f7-475a-9eff-92024a00fde9,Economy Bikes Company
ca9e586a-ed6c-4106-b6cb-688c4a7e485a,0ca60d7b-b278-4a10-88c7-aa2c62611482,Third Bike Store
e700876b-6bc3-45ed-a9de-46fb6edd8b95,3c91dda3-5a66-476e-b9d4-b686e959bda5,Atypical Bike Company
7eef5994-8f41-44c1-898b-85912ff143fb,27d62980-8d18-4170-95a5-7f7bb9cada5a,Bikes for Two
c8d73727-dd4a-4236-b37c-84b2ef502cca,f077eda9-c3db-4fde-81d2-e0f7ada08fcc,Metal Processing Company
07d7af6a-30bb-4e24-8a29-3e1cde9b4ff9,28141e19-49e8-4090-9196-6e8f43b10de8,Widget Bicycle Specialists
0de242f3-c31b-49f6-8582-eb4535dd6bca,59948fbd-99d9-43fd-b5ab-20614fc4193d,Initial Bike Company
f37d2eb8-337e-4c5b-b671-5b672f07f45a,e03321bf-f1d3-4324-9184-008d6fb535da,Latest Sports Equipment
4d03631d-9597-41a4-86d7-65d16e45909a,0e8f1395-12c4-4d5b-b2df-257bc78a9b29,Modern Bike Store
0ab96857-8eac-4f03-a1f8-10e376814689,48505c49-f9c7-4476-a670-158f89c331a7,Raw Materials Inc
56a3f6c5-d0fd-4f5e-8819-ef3294dec67c,0ca60d7b-b278-4a10-88c7-aa2c62611482,Lots of Bikes Storehouse
c105eb7c-1301-408a-acd0-30a7d498c3d5,59948fbd-99d9-43fd-b5ab-20614fc4193d,Futuristic Bikes
d2886b0f-ef7e-4cc5-bece-92d3d88e1a3c,e03321bf-f1d3-4324-9184-008d6fb535da,Parcel Express Delivery Service
7f3b493b-b875-4b03-b42c-c96b8b57cfd7,0e8f1395-12c4-4d5b-b2df-257bc78a9b29,Outdoor Distributors
534b69a0-d8a7-4af2-954e-8e50766f2c90,9737ee67-ea97-4ab7-9e6c-70f8878c6ab2,North Bike Company
86bc5095-d641-4b7e-aea4-b9e9d5883ca6,0445ab08-f703-4d2c-8ab3-fb7948bc1a48,Prosperous Tours
511927c4-ac12-4921-9fa5-55cef1b4e72b,48505c49-f9c7-4476-a670-158f89c331a7,Nonskid Tire Company
5a060159-560e-49cb-b27f-acc954f72d3c,9737ee67-ea97-4ab7-9e6c-70f8878c6ab2,Amalgamated Parts Shop
cfc0e7dc-736a-435b-ad14-5e8dbc89857d,0e8f1395-12c4-4d5b-b2df-257bc78a9b29,Metro Bike Works
98665be7-5277-4f34-9dd3-5bcce985eaf1,0ca60d7b-b278-4a10-88c7-aa2c62611482,Best o' Bikes
90629225-9bfb-41c8-81e0-bb91bd885af0,0e8f1395-12c4-4d5b-b2df-257bc78a9b29,Painters Bicycle Specialists
a0163f61-97ec-436c-81a3-efa5edc62bbc,0ca60d7b-b278-4a10-88c7-aa2c62611482,Client Discount Store
53d47bf4-7974-4164-af9a-ac7d6510096c,0e8f1395-12c4-4d5b-b2df-257bc78a9b29,Eastside Sporting Goods
08684263-04f5-4caa-862e-a85d225f353c,9787b7d5-2461-464d-9354-2da1defdb675,Helmets and Cycles
8f8ebd60-9950-4187-9fe9-acead2a89e1c,27d62980-8d18-4170-95a5-7f7bb9cada5a,Requisite Part Supply
2f544ce9-fdfe-426d-bf9e-aaeeac35888c,28141e19-49e8-4090-9196-6e8f43b10de8,Racks and Security Systems
9fd1d581-c3c9-46a4-ad5d-3eb173385e5d,59948fbd-99d9-43fd-b5ab-20614fc4193d,Mechanical Products Ltd.
361f2385-b3fd-4d48-9556-56a1955b6488,e03321bf-f1d3-4324-9184-008d6fb535da,Commendable Bikes
8792bafe-0eef-47af-b6b1-6cc754f5a729,0e8f1395-12c4-4d5b-b2df-257bc78a9b29,Online Bike Sellers
4dea4658-f1f3-4f8e-bf95-77278933c3cb,f077eda9-c3db-4fde-81d2-e0f7ada08fcc,Custom Accessories Company
874113ca-03bf-40e6-b1e5-cb118681af01,9787b7d5-2461-464d-9354-2da1defdb675,Unusual Bicycle Company
33fa8ac4-7e42-489b-8be9-6845ac87b982,27d62980-8d18-4170-95a5-7f7bb9cada5a,Courteous Bicycle Specialists
b347aad5-acff-4dc4-bbda-1ee83d262298,28141e19-49e8-4090-9196-6e8f43b10de8,Hobby Store
b703310e-0b16-4ace-848e-ef5ee865d7c5,59948fbd-99d9-43fd-b5ab-20614fc4193d,Professional Cycle Store
1707eef7-9e9c-45b9-ad3b-d8802ad45b90,59948fbd-99d9-43fd-b5ab-20614fc4193d,Bike Universe
801fb7e3-366f-4836-8a5e-8b99a243aeda,e03321bf-f1d3-4324-9184-008d6fb535da,Fifth Bike Store
ccf3a53e-9603-46e1-985a-f6bbfd033a3e,0e8f1395-12c4-4d5b-b2df-257bc78a9b29,Independent Outlet
3508c880-faf9-44c9-ad62-6d9548f15526,9737ee67-ea97-4ab7-9e6c-70f8878c6ab2,Rambling Tours
deae95f3-f27e-488c-8002-51ec4daef001,27d62980-8d18-4170-95a5-7f7bb9cada5a,Farthest Bike Store
ea5901c7-f681-4276-a3d3-4cc4eee16707,9737ee67-ea97-4ab7-9e6c-70f8878c6ab2,Excellent Bikes
a873f98e-2a64-4060-aba5-203d6ecc0234,0e8f1395-12c4-4d5b-b2df-257bc78a9b29,Curbside Universe
2e2344c9-9526-41bb-948f-2c8da6bfe1f8,48505c49-f9c7-4476-a670-158f89c331a7,Alternative Vehicles
ff441b3b-c1a6-4f05-93ae-45f4b935e8e3,0445ab08-f703-4d2c-8ab3-fb7948bc1a48,Channel Outlet
64141e14-8da3-4400-8a41-40d3b02939c1,3c91dda3-5a66-476e-b9d4-b686e959bda5,Full Sports Supply
d6580f01-7d64-4512-8d91-fb20fd4c344f,27d62980-8d18-4170-95a5-7f7bb9cada5a,Retail Mall
151473fc-e3d5-4394-a0b3-4c561c905bd1,3c91dda3-5a66-476e-b9d4-b686e959bda5,Racing Store
e6b7cf6c-b118-4495-b41a-c52215a47eb0,0445ab08-f703-4d2c-8ab3-fb7948bc1a48,Metro Metals Co.
1c8fe6af-2c99-41a9-93e1-a90216ea73c6,0ca60d7b-b278-4a10-88c7-aa2c62611482,Sheet Metal Manufacturing
a1a33b27-c059-4a2a-a9ae-319b46481816,48505c49-f9c7-4476-a670-158f89c331a7,Thorough Parts and Repair Services
cceebacb-8679-4f0e-b3b4-3bb14ec5f40f,0445ab08-f703-4d2c-8ab3-fb7948bc1a48,Uttermost Bike Shop
1ddbdb0d-e287-4c38-89e8-2220bc4e5975,0e8f1395-12c4-4d5b-b2df-257bc78a9b29,Mechanical Sports Center
d896251a-81d9-4b19-907c-3d4d79288f4c,9737ee67-ea97-4ab7-9e6c-70f8878c6ab2,Speedometer Sales
35054430-7911-49b0-b0ec-2d5fb17e1ac4,27d62980-8d18-4170-95a5-7f7bb9cada5a,Two-Wheeled Transit Company
f0283528-b72c-40f6-88dc-c976887edcf7,28141e19-49e8-4090-9196-6e8f43b10de8,Mountain Emporium
bc0ad1fc-f5be-4b4e-ade4-1424b627512f,e03321bf-f1d3-4324-9184-008d6fb535da,Metro Cycle Shop
6e87f7f1-7037-4d12-8f1c-1efa69d1690f,59948fbd-99d9-43fd-b5ab-20614fc4193d,Outdoor Sporting Goods
b5a41797-56af-48eb-bb47-d64073cbe9ed,28141e19-49e8-4090-9196-6e8f43b10de8,Tread Industries
e26b50dd-64b5-4bc1-9717-4cfd74bc9a21,27d62980-8d18-4170-95a5-7f7bb9cada5a,Petroleum Products Distributors
25954d2f-69ee-44ce-badd-1645e64b51cd,28141e19-49e8-4090-9196-6e8f43b10de8,Tandem Bicycle Store
eabcf90c-263d-4627-bef2-2c811c70cd00,f077eda9-c3db-4fde-81d2-e0f7ada08fcc,Bikes and Motorbikes
35ad7c40-6365-41c8-b08f-9f4400b31139,9787b7d5-2461-464d-9354-2da1defdb675,Budget Toy Store
4ef41685-04b7-4974-b9a4-d4ab98497d93,27d62980-8d18-4170-95a5-7f7bb9cada5a,Camping and Sports Store
a8252ae6-f8ec-48d5-9263-1ce234469b0e,3c91dda3-5a66-476e-b9d4-b686e959bda5,Ace Bicycle Supply
b75848d1-dcfa-4109-b216-fc27efb6da3d,59948fbd-99d9-43fd-b5ab-20614fc4193d,Rural Department Store
662594a4-ed63-4375-81c7-889a81e386d2,e03321bf-f1d3-4324-9184-008d6fb535da,Sports Commodities
38f60be8-010e-4640-ac26-20916fe76c1e,0e8f1395-12c4-4d5b-b2df-257bc78a9b29,Riverside Company
af39eeb6-feb3-4df5-a2f1-407ecdc01998,9737ee67-ea97-4ab7-9e6c-70f8878c6ab2,Bicycle Exporters
44221859-7ed9-41ab-b54e-a67a3eaef8b8,0ca60d7b-b278-4a10-88c7-aa2c62611482,Responsible Bike Dealers
0db1b054-98e6-45ea-8bb9-ed75b3e0a860,59948fbd-99d9-43fd-b5ab-20614fc4193d,Western Bike Supplies
33248c19-6c75-4997-baa4-db3f963f458e,0ca60d7b-b278-4a10-88c7-aa2c62611482,Advanced Bike Components
bc1d0fa7-e378-4d37-8768-91fb828da10d,16eb6889-25f7-475a-9eff-92024a00fde9,Aerobic Exercise Company
3d704024-cf06-4238-851d-cae533b45da4,9737ee67-ea97-4ab7-9e6c-70f8878c6ab2,Rural Sporting Goods
9ed79cf9-0005-4fd8-8b40-581f1908f02b,27d62980-8d18-4170-95a5-7f7bb9cada5a,Corner Bicycle Supply
5e3bb0b6-59b6-4785-91a2-dfb241201bc5,28141e19-49e8-4090-9196-6e8f43b10de8,Distance Bikes
0d7364b1-0b3a-4e32-8711-4a259fe6224e,59948fbd-99d9-43fd-b5ab-20614fc4193d,Westside Plaza
3e2745c7-e419-47aa-8423-f506f8a67151,28141e19-49e8-4090-9196-6e8f43b10de8,Ultimate Bike Shop
426ebfc9-dc7d-45e4-9e7d-20f957536aaf,e03321bf-f1d3-4324-9184-008d6fb535da,Outstanding Cycles
2ef7e76e-6840-46f1-bf6d-f7777fe1eccc,0445ab08-f703-4d2c-8ab3-fb7948bc1a48,Vigorous Sports Store
e5ad5260-60b6-4dc1-80f0-def44078ac51,48505c49-f9c7-4476-a670-158f89c331a7,Sports Merchandise
c04840a0-637a-4e93-976f-d948463fd390,0ca60d7b-b278-4a10-88c7-aa2c62611482,Fitness Toy Store
32626380-c88d-4a0b-a02b-d2f370c91c86,0e8f1395-12c4-4d5b-b2df-257bc78a9b29,Casual Bicycle Store
6fb893a6-4949-46c7-87bc-f26a03467d64,9787b7d5-2461-464d-9354-2da1defdb675,Fitness Discount Store
326c44d8-1b70-4345-957b-bc372466cca4,f077eda9-c3db-4fde-81d2-e0f7ada08fcc,General Cycle Storehouse
419f47b9-0290-4100-b7cf-62affa50810b,59948fbd-99d9-43fd-b5ab-20614fc4193d,Fitness Cycling
8ba1dfd9-010d-4815-afaf-8e1cc525d7ee,0ca60d7b-b278-4a10-88c7-aa2c62611482,Good Bike Shop
22fff516-6cd3-4097-93dc-059e554b0535,48505c49-f9c7-4476-a670-158f89c331a7,Imaginary Toys
20997a2c-9173-4977-bd8d-1edc2bd51324,9787b7d5-2461-464d-9354-2da1defdb675,Inexpensive Parts Shop
df967466-f4be-4db1-9868-34feecac2265,f077eda9-c3db-4fde-81d2-e0f7ada08fcc,Nuts and Bolts Mfg.
5c54f74c-116f-43d9-bc1e-912500fa96a5,28141e19-49e8-4090-9196-6e8f43b10de8,Principal Bicycle Supply
a74c22d2-8e67-4135-9a25-0297db8f4b98,16eb6889-25f7-475a-9eff-92024a00fde9,Thrilling Bike Tours
04846e6d-87d2-4e49-8f18-cfefbb1984b0,0ca60d7b-b278-4a10-88c7-aa2c62611482,This Area Sporting Goods
b2fdef02-e1dc-431f-a163-3a3447d11011,0e8f1395-12c4-4d5b-b2df-257bc78a9b29,Full-Service Bike Store
446484ce-39c8-47cc-9305-3a6d7e253fc1,9787b7d5-2461-464d-9354-2da1defdb675,Plastic Products Manufacturers
8238987a-0fa6-4881-b472-df219ce56494,9787b7d5-2461-464d-9354-2da1defdb675,Kids and Adults Cycle Shop
0620e74a-98e4-46bc-871c-72eaef4ec9f2,0e8f1395-12c4-4d5b-b2df-257bc78a9b29,Grand Discount Store
35babbed-89f6-4f8b-99d6-7d2d12b131a6,0ca60d7b-b278-4a10-88c7-aa2c62611482,Genuine Bike Shop
fa9218f1-0180-40bb-ab5d-674c4e567e92,16eb6889-25f7-475a-9eff-92024a00fde9,Extreme Riding Supplies
03f4acf8-120a-4a80-8178-546d81fdc7cb,28141e19-49e8-4090-9196-6e8f43b10de8,Bike Rims Company
675500df-0246-4fb3-b819-8dea2ed1dadc,16eb6889-25f7-475a-9eff-92024a00fde9,Fleet Bikes
1795dc49-d73a-4425-aaeb-38492aaa0ff0,0ca60d7b-b278-4a10-88c7-aa2c62611482,Local Hardware Factory
f63ac3d0-6978-4093-b12f-b51cf23f317f,0e8f1395-12c4-4d5b-b2df-257bc78a9b29,Only Bikes and Accessories
9d640855-c523-4110-91c3-5223fa422d9b,9787b7d5-2461-464d-9354-2da1defdb675,Rental Gallery
1a46023c-ed24-40fe-99a4-543becb5d25a,f077eda9-c3db-4fde-81d2-e0f7ada08fcc,South Bike Company
9a753b3d-8c57-4ede-b701-b0335385d7a6,28141e19-49e8-4090-9196-6e8f43b10de8,Wonderful Bikes Inc.
a6e4b164-031c-4f6f-a26b-8c75926a271d,16eb6889-25f7-475a-9eff-92024a00fde9,Another Sporting Goods Company
a518cde9-32f9-456b-8b6f-a146bd0d484d,0ca60d7b-b278-4a10-88c7-aa2c62611482,Discount Bicycle Specialists
efd347a1-628a-4881-8b05-0eb5f595fdab,0e8f1395-12c4-4d5b-b2df-257bc78a9b29,Famous Bike Sales and Service
03fef13a-e6ae-4f83-894d-98747c6d90d2,9787b7d5-2461-464d-9354-2da1defdb675,First Supplies
a84e5da8-2bf1-426d-91ea-077b3e4f0e9c,f077eda9-c3db-4fde-81d2-e0f7ada08fcc,Machines & Cycles Store
8ab3d539-02a4-43e6-9572-30aea2db9bea,28141e19-49e8-4090-9196-6e8f43b10de8,Pedals Warehouse
db97a1de-e110-406d-80b8-23a262104c36,16eb6889-25f7-475a-9eff-92024a00fde9,Two Wheels Cycle Store
ec581a62-2734-4662-a6bf-c32cf8d14fcb,0ca60d7b-b278-4a10-88c7-aa2c62611482,Westside Cycle Store
a7047936-f2b9-4e8a-9c3f-64b10cf92c32,0e8f1395-12c4-4d5b-b2df-257bc78a9b29,Wholesale Bikes
e06f65fa-fa4a-410c-82e6-a4f00268f7fb,9737ee67-ea97-4ab7-9e6c-70f8878c6ab2,Very Best Sports Supply
964de5fd-1d55-4ed8-ba99-79b3fcd651c0,27d62980-8d18-4170-95a5-7f7bb9cada5a,Urban Sports Emporium
17a202bc-bcd2-44e4-b4e9-88a20870a670,28141e19-49e8-4090-9196-6e8f43b10de8,Superlative Bikes
a153b224-aa91-44c5-a26b-e8c3ab97f5c4,9737ee67-ea97-4ab7-9e6c-70f8878c6ab2,Primary Cycle Shop
7a082509-4a45-4355-820f-fceeead3f593,27d62980-8d18-4170-95a5-7f7bb9cada5a,Sixth Bike Store
1dfc3726-2586-41a3-bee0-1ad3ce32d760,28141e19-49e8-4090-9196-6e8f43b10de8,Touring Services
e2b1594b-ed38-46ab-bee3-428dc71ffa04,59948fbd-99d9-43fd-b5ab-20614fc4193d,Vehicle Shop
e1198701-3d0c-4cdd-9c8e-2a0b4d18b10f,e03321bf-f1d3-4324-9184-008d6fb535da,First Department Stores
8d38b704-1100-46e5-b124-f9ff8d051e0f,0e8f1395-12c4-4d5b-b2df-257bc78a9b29,Grand Sport Boutique
72b5ea7a-0825-47c4-9017-88f01c86516c,9737ee67-ea97-4ab7-9e6c-70f8878c6ab2,Major Equipment Co
240cab56-9b79-484f-a5ff-190007eeca5d,27d62980-8d18-4170-95a5-7f7bb9cada5a,Custom Sales and Service
9d222445-171f-45a0-bf67-81c78c293f3d,28141e19-49e8-4090-9196-6e8f43b10de8,Elemental Sporting Goods
3fd3f1c0-48f1-48fe-a396-55f56a81c06f,59948fbd-99d9-43fd-b5ab-20614fc4193d,Distinctive Store
6c2c2d31-9516-45af-92a5-60c56a2936d7,e03321bf-f1d3-4324-9184-008d6fb535da,Grand Cycle Store
b4b0f743-12d6-4fff-99ae-b17a7300d04a,9737ee67-ea97-4ab7-9e6c-70f8878c6ab2,Nearby Bike Mall
93e544bc-da24-4737-aa29-c9da942438b9,0e8f1395-12c4-4d5b-b2df-257bc78a9b29,Handy Bike Services
66f0f15a-383f-4093-a0ba-2e73925df9e1,e03321bf-f1d3-4324-9184-008d6fb535da,Friendly Bike Shop
8a989de8-cf0d-48dc-b454-df33ce3e0dbd,59948fbd-99d9-43fd-b5ab-20614fc4193d,Fashionable Bikes and Accessories
7215f26f-a3d7-4d57-8041-e5e05d327853,28141e19-49e8-4090-9196-6e8f43b10de8,Extreme Toy Store
1dfbc591-9bd8-4b49-9810-7bb5913fcca4,27d62980-8d18-4170-95a5-7f7bb9cada5a,Citywide Service and Repair
f8a4213f-4ce8-413e-a64a-15b8b35b183f,9737ee67-ea97-4ab7-9e6c-70f8878c6ab2,Best Cycle Store
c120a31c-906f-41db-8d67-573696fadc04,0e8f1395-12c4-4d5b-b2df-257bc78a9b29,Professional Sporting Goods
0bfe98a9-a628-41b9-b48d-d813b343ebc1,e03321bf-f1d3-4324-9184-008d6fb535da,Rugged Bikes
16928173-2935-4ce0-837c-4575fe8ea8ee,59948fbd-99d9-43fd-b5ab-20614fc4193d,Principal Bike Company
22d1ea66-f70b-4e96-aab4-efb55ab79347,28141e19-49e8-4090-9196-6e8f43b10de8,One-Piece Handle Bars
1d48185a-a2b3-428e-ad32-f5fff45f964d,27d62980-8d18-4170-95a5-7f7bb9cada5a,Finer Riding Supplies
a4461d3d-a09e-45b7-9a25-cb789dde4047,f077eda9-c3db-4fde-81d2-e0f7ada08fcc,Neighborhood Store
9211820c-5438-4845-82bb-51109074e930,9787b7d5-2461-464d-9354-2da1defdb675,Online Bike Catalog
da8fd8b4-0355-41c8-a13f-f25a3af4cb4e,0e8f1395-12c4-4d5b-b2df-257bc78a9b29,Outdoor Equipment Store
68f1b649-e8ea-46b9-a3ce-2f189536c887,0ca60d7b-b278-4a10-88c7-aa2c62611482,Paint Supply
642870a4-4857-4f1b-8442-5b222c777b93,16eb6889-25f7-475a-9eff-92024a00fde9,Preferred Bikes
fd64f16c-bb7a-4f9f-b358-92b9e7c1f863,28141e19-49e8-4090-9196-6e8f43b10de8,Rally Day Mall
ddd849a6-cf30-46a2-aca6-90ecf9ad6865,f077eda9-c3db-4fde-81d2-e0f7ada08fcc,Rewarding Activities Company
e6c79c22-3fdb-4f04-856a-2fa19e319cc8,9787b7d5-2461-464d-9354-2da1defdb675,Rich Department Store
03a90fb6-6e5f-4400-b627-2a5e358508f7,0e8f1395-12c4-4d5b-b2df-257bc78a9b29,Sales and Supply Company
f08220d3-2b73-4d86-be9d-d40e3f788b46,0ca60d7b-b278-4a10-88c7-aa2c62611482,Stationary Bikes and Stands
125e976b-64c6-4bac-a0f5-32f4d908161a,48505c49-f9c7-4476-a670-158f89c331a7,Successful Sales Company
a409d2ce-139e-4be7-8681-0e6ab98e196d,59948fbd-99d9-43fd-b5ab-20614fc4193d,Downtown Hotel
64624c2b-5290-4a66-8733-1a2a8cfc9ca6,27d62980-8d18-4170-95a5-7f7bb9cada5a,Certified Sports Supply
204eadff-7137-4130-8474-9f0a0f20a139,3c91dda3-5a66-476e-b9d4-b686e959bda5,Registered Cycle Store
c7269035-0fa3-4aaf-861a-d0ed7ae28c30,0445ab08-f703-4d2c-8ab3-fb7948bc1a48,Rampart Amusement Company
9778afcd-1022-4ffb-8ca9-c614b10c31f3,27d62980-8d18-4170-95a5-7f7bb9cada5a,Sundry Sporting Goods
a897d8bc-719f-4e0b-8a47-89b9b89a06eb,28141e19-49e8-4090-9196-6e8f43b10de8,Excellent Riding Supplies
0c33ed77-adc4-430e-a165-53bf675a3188,59948fbd-99d9-43fd-b5ab-20614fc4193d,Farthermost Bike Shop
9ed785cb-7231-4f52-8743-44f7a22553a7,e03321bf-f1d3-4324-9184-008d6fb535da,Suburban Cycle Shop
23e93549-dda7-46ad-9bcd-7a101f0638ce,0e8f1395-12c4-4d5b-b2df-257bc78a9b29,Weekend Tours
96f3ff3f-0d70-47f1-89a8-ff9c9c2791b5,e03321bf-f1d3-4324-9184-008d6fb535da,Racing Bike Outlet
3956f553-cf10-4c11-9f4c-519668cb2133,59948fbd-99d9-43fd-b5ab-20614fc4193d,Utilitarian Sporting Goods
f37bbb77-29ef-447f-a652-530dafbfe0a0,28141e19-49e8-4090-9196-6e8f43b10de8,Bike Goods 
0ebb575e-b250-4a5b-9e29-0122615d64ba,27d62980-8d18-4170-95a5-7f7bb9cada5a,Vigorous Exercise Company
5e1c6be4-8895-40fc-8b7b-2adcbe1138db,9737ee67-ea97-4ab7-9e6c-70f8878c6ab2,Showcase for Cycles
42e69a78-09e9-44f0-96e5-e299cf2652ac,0e8f1395-12c4-4d5b-b2df-257bc78a9b29,Lease-a-Bike Shop
48b871f6-4261-4ae1-9e66-f8cb509f6e03,9737ee67-ea97-4ab7-9e6c-70f8878c6ab2,Functional Store South
6c386819-0525-4242-9278-210d9e4c9ee6,0e8f1395-12c4-4d5b-b2df-257bc78a9b29,Active Cycling
b006b55e-f0bb-4d8d-b7b8-4a268c345443,e03321bf-f1d3-4324-9184-008d6fb535da,Stock Parts and Supplies
380492aa-e2b6-454d-a552-4e346124b5ec,59948fbd-99d9-43fd-b5ab-20614fc4193d,Roadway Supplies
5195a006-cb5c-4756-9548-58ab8716d3df,28141e19-49e8-4090-9196-6e8f43b10de8,Sensational Discount Store
0bded121-d6ab-4d60-8e52-730b2963f704,27d62980-8d18-4170-95a5-7f7bb9cada5a,Future Bikes
e1ba9394-6025-4fd9-b729-005e508d17b4,0e8f1395-12c4-4d5b-b2df-257bc78a9b29,Super Sports Store
73efe3d7-692e-4bd5-bb34-7dc0525cd16e,0ca60d7b-b278-4a10-88c7-aa2c62611482,Satin Finish Company
0c79352c-4685-4889-a1b4-0c0ffd86fb5e,59948fbd-99d9-43fd-b5ab-20614fc4193d,Regional Manufacturing
db68e43d-9172-4c1a-818e-7ec7acc24091,27d62980-8d18-4170-95a5-7f7bb9cada5a,Original Bicycle Supply Company
14b028fe-4a79-48c7-806c-35b88af2e666,3c91dda3-5a66-476e-b9d4-b686e959bda5,First Center
30318f06-9d94-44da-aa00-d130d649777a,0445ab08-f703-4d2c-8ab3-fb7948bc1a48,Action Bicycle Specialists
e3f3413d-fcfc-4157-8fca-e95c480d58f4,48505c49-f9c7-4476-a670-158f89c331a7,Roadway Bike Emporium
a463f9d4-be42-439f-9bc9-df2d2286ed41,0ca60d7b-b278-4a10-88c7-aa2c62611482,Sleek Bikes 
2b816ae0-1ccb-4fae-b828-666fc73c4468,59948fbd-99d9-43fd-b5ab-20614fc4193d,Retail Sporting Equipment
aa75ab2c-d9c6-4e2a-bed0-b3ef9c4ed75e,27d62980-8d18-4170-95a5-7f7bb9cada5a,Price-Cutter Discount Bikes
e975951f-5f03-478b-9d96-7d859cc9a659,3c91dda3-5a66-476e-b9d4-b686e959bda5,Brand New Bikes
3b494697-74df-4e13-af2d-fe19de5d8114,0445ab08-f703-4d2c-8ab3-fb7948bc1a48,Central Bicycle Specialists
c3c9addb-4625-40f0-be2a-14a624a8e624,48505c49-f9c7-4476-a670-158f89c331a7,Vast Bike Sales and Rental
32bb36ff-73cc-4938-b416-12caa4fedd69,0ca60d7b-b278-4a10-88c7-aa2c62611482,Summer Sports Place
afb164e3-b220-426e-81e6-b8b748610d3a,59948fbd-99d9-43fd-b5ab-20614fc4193d,Real Sporting Goods
70d05c0d-42bf-4226-a4b5-4c06c1a6dd55,9737ee67-ea97-4ab7-9e6c-70f8878c6ab2,Versatile Sporting Goods Company
4cedba2e-55cf-4d77-b1bb-02e061da2410,0e8f1395-12c4-4d5b-b2df-257bc78a9b29,Bicycle Outfitters
19afa3da-5e0c-4a8b-b752-63bbc2eb8a3f,e03321bf-f1d3-4324-9184-008d6fb535da,The Bike Shop
7d11104a-5742-454b-8986-7fc5f7a7db7f,59948fbd-99d9-43fd-b5ab-20614fc4193d,Safe Toys
81fb0399-dd6c-423d-aa1c-4a3772e1aa15,28141e19-49e8-4090-9196-6e8f43b10de8,Qualified Sales and Repair Services
5ee92bdd-5ef9-4286-8c2a-4e1ab8c24cd4,27d62980-8d18-4170-95a5-7f7bb9cada5a,Our Sporting Goods Store
f6f5fa00-f44d-439f-88ef-51dfcd15b687,9737ee67-ea97-4ab7-9e6c-70f8878c6ab2,Lustrous Paints and Components
19aa9174-54c2-422b-bf2c-ad8d68cde071,0e8f1395-12c4-4d5b-b2df-257bc78a9b29,Expert Sports Store
1d6eff1e-5254-40d0-b2de-1f8d9286586c,e03321bf-f1d3-4324-9184-008d6fb535da,Coho Sports
776ce631-8229-4b50-a857-c6a48d8e5716,9787b7d5-2461-464d-9354-2da1defdb675,Jumbo Bikes
4e83a39a-a00e-4c56-a4ea-89deba87c856,f077eda9-c3db-4fde-81d2-e0f7ada08fcc,Quick Delivery Service
552c7546-dc57-4509-b2d7-472f901fbf71,28141e19-49e8-4090-9196-6e8f43b10de8,Tough and Reliable Parts
e2f1cbe0-eda9-406e-a26c-eb0fb5c617dc,16eb6889-25f7-475a-9eff-92024a00fde9,Basic Sports Equipment
8088a37f-23a6-452d-b08f-4a9579ccd765,0ca60d7b-b278-4a10-88c7-aa2c62611482,Cash & Carry Bikes
119c737f-2b6e-4cbe-a428-976cd09e1ab1,0e8f1395-12c4-4d5b-b2df-257bc78a9b29,Convenient Bike Shop
3f7e8c9d-6305-468a-86f2-9258bca9c269,9787b7d5-2461-464d-9354-2da1defdb675,Fitness Bike Accessories
29ac8a69-f2f7-47a8-9255-f8bcdd38ea37,f077eda9-c3db-4fde-81d2-e0f7ada08fcc,General Bike Corporation
dd8a47e4-d6bd-4671-9b5a-f65a89f80ce1,28141e19-49e8-4090-9196-6e8f43b10de8,Quitting Business Distributors
900014c6-b7c9-4db0-9780-4ce7821e5c6e,16eb6889-25f7-475a-9eff-92024a00fde9,Retail Cycle Shop
9224e372-aacf-4fe4-b68f-3b16b13ca774,0ca60d7b-b278-4a10-88c7-aa2c62611482,Social Activities Club
51e19c86-d7b6-49b5-a0fd-3678d56d39bc,0e8f1395-12c4-4d5b-b2df-257bc78a9b29,Blue Bicycle Company
1185a5bc-078c-4e3f-a892-f51a2f0faf7b,9787b7d5-2461-464d-9354-2da1defdb675,Expert Cycle Store
452072a4-aeb0-41ec-8236-83787604ac59,f077eda9-c3db-4fde-81d2-e0f7ada08fcc,General Riding Supplies
d06cb1d1-1885-4613-972d-0df8f9e8aa2b,28141e19-49e8-4090-9196-6e8f43b10de8,Parts Shop
055ae69a-a577-4bfa-91ba-642b27d1d08c,16eb6889-25f7-475a-9eff-92024a00fde9,Riding Excursions
f508dbc7-1295-4659-a06c-467588d6c1fc,0ca60d7b-b278-4a10-88c7-aa2c62611482,Unique Bikes
6280846a-f43b-4e4b-a3ba-08ce7e5d2a31,27d62980-8d18-4170-95a5-7f7bb9cada5a,Rural Cycle Emporium
1e92fd29-196b-4d5d-af43-bbf3f2cfc32e,59948fbd-99d9-43fd-b5ab-20614fc4193d,Associated Bikes
f26e9fd9-e06a-4fdd-b401-8ff1b9c4dcb2,0ca60d7b-b278-4a10-88c7-aa2c62611482,Modular Cycle Systems
db5a3b47-cb3b-4ab4-9906-29397a8bf3c5,48505c49-f9c7-4476-a670-158f89c331a7,A Bike Store
91f43b76-644e-411c-884a-c68f44b0d7f3,0ca60d7b-b278-4a10-88c7-aa2c62611482,Journey Sporting Goods
87c8c518-7031-4ccf-9952-9991119e19a8,48505c49-f9c7-4476-a670-158f89c331a7,Two Bike Shops
fd09def1-549d-44b1-9313-2e9248ed8105,0445ab08-f703-4d2c-8ab3-fb7948bc1a48,Cycles Wholesaler & Mfg.
501914d4-9095-4089-aa22-cb7241707518,3c91dda3-5a66-476e-b9d4-b686e959bda5,Wheels Inc.
7cfa8be2-5019-45d8-bbdd-bbcf63a37490,0445ab08-f703-4d2c-8ab3-fb7948bc1a48,Number One Bike Co.
04de5539-39df-4d5e-9de3-f5a4a8457c98,3c91dda3-5a66-476e-b9d4-b686e959bda5,Racing Supply Distributors
ce61eb25-0f0a-4daf-aff4-2a1e3454d85c,27d62980-8d18-4170-95a5-7f7bb9cada5a,Standard Bikes
42660586-66d6-4e51-a305-8a9de02fd1a2,59948fbd-99d9-43fd-b5ab-20614fc4193d,The Bicycle Accessories Company
d2d04f15-51bc-4ac7-9295-c452a6f69187,0ca60d7b-b278-4a10-88c7-aa2c62611482,Active Systems
6f9a9266-d8ce-4f36-bde2-80b3ae5c93dd,59948fbd-99d9-43fd-b5ab-20614fc4193d,Futuristic Sport Distributors
33ee463c-9012-4333-be3a-8784add58f72,27d62980-8d18-4170-95a5-7f7bb9cada5a,Finer Sales and Service
c27f9881-3d71-4a33-b6c9-ce845fb86b6d,59948fbd-99d9-43fd-b5ab-20614fc4193d,Big-Time Bike Store
6b6765f4-aa31-4eb5-a457-a78c7f600331,27d62980-8d18-4170-95a5-7f7bb9cada5a,The Showroom
2b9682ca-2cd1-4a66-be5d-f833ac80da0c,3c91dda3-5a66-476e-b9d4-b686e959bda5,Spa and Exercise Outfitters
a628038b-36ce-450c-b9f2-e6be152f20f0,e03321bf-f1d3-4324-9184-008d6fb535da,Year-Round Sports
42f1b20a-5c8e-46da-a572-a95a4d31b070,16eb6889-25f7-475a-9eff-92024a00fde9,The New Bike Store
7693ca1d-d408-4be4-b36c-d6689529ef34,28141e19-49e8-4090-9196-6e8f43b10de8,Resident Cycle Shop
68ad9fc4-c204-4176-89ac-daeba6e59c1e,f077eda9-c3db-4fde-81d2-e0f7ada08fcc,Primary Bike Distributors
542b20ef-631d-421a-a5b3-f447c39d442b,9787b7d5-2461-464d-9354-2da1defdb675,Major Bicycle Store
9c000ca7-742b-4359-86a5-7ae8d1df3f4e,0e8f1395-12c4-4d5b-b2df-257bc78a9b29,Leather and Vinyl Manufacturing
e718bb7e-b7eb-4688-a0ee-ccfc70cef23b,0ca60d7b-b278-4a10-88c7-aa2c62611482,Genial Bike Associates
bfdfdf49-6516-4263-a4e9-d0415fd9b5f4,59948fbd-99d9-43fd-b5ab-20614fc4193d,Commercial Sporting Goods
ca974b47-0045-48c5-aadb-023973bc0d5b,27d62980-8d18-4170-95a5-7f7bb9cada5a,Wholesale Parts
7a09b946-f696-4fce-b6ad-c3c59056fc73,3c91dda3-5a66-476e-b9d4-b686e959bda5,Steel Inc.
0b915398-edde-49ba-a74f-e143556d4c97,0445ab08-f703-4d2c-8ab3-fb7948bc1a48,Riding Cycles
046747f9-555a-401a-90f0-77946820f2cb,27d62980-8d18-4170-95a5-7f7bb9cada5a,Metro Manufacturing
bc448bd6-cd50-4bab-9f81-68f6e4470849,28141e19-49e8-4090-9196-6e8f43b10de8,Manufacturers Inc
ae57e5f7-ea1a-4b16-9f21-80300dc932f6,59948fbd-99d9-43fd-b5ab-20614fc4193d,Locks Company
32d7846d-34fb-4742-ba77-af6ab9c340bd,e03321bf-f1d3-4324-9184-008d6fb535da,Latest Accessories Sales
9b8a0a17-57ed-4d06-a398-5f2ac42d9454,0e8f1395-12c4-4d5b-b2df-257bc78a9b29,Incomparable Bicycle Store
0f2a08df-5caf-4b02-956a-ea9a70593ff6,9737ee67-ea97-4ab7-9e6c-70f8878c6ab2,Hometown Riding Supplies
5c9c2b49-1b49-4c21-bd81-37bbc0dcb622,27d62980-8d18-4170-95a5-7f7bb9cada5a,Greater Bike Store
defc5b82-ab0e-4f37-a5eb-f360bd9332e6,28141e19-49e8-4090-9196-6e8f43b10de8,Games and Sport Supply Company
2749a208-5991-4a0a-996c-e5dfad6f62b5,59948fbd-99d9-43fd-b5ab-20614fc4193d,Distant Inn
00d03540-1204-4bff-a076-9071dc4c7e0f,e03321bf-f1d3-4324-9184-008d6fb535da,Finer Mart
33dc2ae7-0753-413a-829b-814448266865,0e8f1395-12c4-4d5b-b2df-257bc78a9b29,Economic Parts Supply
bde2ac58-a449-4b41-9377-a3085e38d9e0,9737ee67-ea97-4ab7-9e6c-70f8878c6ab2,Precision Gears Inc.
a6339c39-957b-42b3-8f5f-ced710ccbcdd,27d62980-8d18-4170-95a5-7f7bb9cada5a,Cross-Country Riding Supplies
4c08e514-643d-4383-bf1f-2f5eff99b58e,28141e19-49e8-4090-9196-6e8f43b10de8,Stylish Department Stores
fb43a277-ee84-45da-89f9-240ad7e92ddd,59948fbd-99d9-43fd-b5ab-20614fc4193d,Bike World
fd9ab63d-c026-4fcf-a7f1-1303f4ddf709,e03321bf-f1d3-4324-9184-008d6fb535da,Central Discount Store
c62659e7-2a8b-4a82-a116-391e69c5de53,0e8f1395-12c4-4d5b-b2df-257bc78a9b29,Trusted Catalog Store
159c11fa-27df-4990-a5e0-5dc4480b14ad,9737ee67-ea97-4ab7-9e6c-70f8878c6ab2,Bicycle Warehouse Inc.
1f87d95e-71a4-4e9b-bb52-636a32bfed95,27d62980-8d18-4170-95a5-7f7bb9cada5a,Sharp Bikes
6ece92af-2a44-4bed-bc61-b291a2f3a967,28141e19-49e8-4090-9196-6e8f43b10de8,Exemplary Cycles
f4dfd4a8-0bfc-4178-91f1-955f68790abf,59948fbd-99d9-43fd-b5ab-20614fc4193d,Metropolitan Sports Supply
8ae06549-964c-474e-ac4b-deb531a2fbd4,e03321bf-f1d3-4324-9184-008d6fb535da,Progressive Sports
501c83d6-da74-4fcc-8d0a-5ea4d5eb12d3,28141e19-49e8-4090-9196-6e8f43b10de8,Underglaze and Finish Company
f07e589c-c6ae-4c1a-bf30-bf97901933f3,16eb6889-25f7-475a-9eff-92024a00fde9,Brakes and Gears
218dfed4-0113-4196-ab4d-2eaba5a5cc95,0ca60d7b-b278-4a10-88c7-aa2c62611482,The Accessories Store
d1e37d45-7427-4a74-8062-58863af04728,0e8f1395-12c4-4d5b-b2df-257bc78a9b29,Mountain Bike Store
196398f5-35dc-451e-87dd-c051b8539381,9787b7d5-2461-464d-9354-2da1defdb675,Bike Part Wholesalers
d649300b-9feb-41c9-b2b6-0311095f1db4,f077eda9-c3db-4fde-81d2-e0f7ada08fcc,Family Cycle Store
06dbb2a5-bd07-4ab6-ade5-89c2a2e82b42,9787b7d5-2461-464d-9354-2da1defdb675,Popular Bike Lines
9f9d5a46-c180-498b-89bb-70dbfa570dc7,f077eda9-c3db-4fde-81d2-e0f7ada08fcc,Superb Sales and Repair
466feb1c-d97d-45c3-aed7-644ed71557f5,28141e19-49e8-4090-9196-6e8f43b10de8,Better Bike Shop
0a794d0d-2701-48d5-a4e8-6ba513c1490d,16eb6889-25f7-475a-9eff-92024a00fde9,Countryside Company
f0f0abc9-35e5-468d-9fbe-5c2bbeaa5ca6,0ca60d7b-b278-4a10-88c7-aa2c62611482,First Bike Store
f66c8697-1aff-41f4-951a-00ab29bc3d68,0e8f1395-12c4-4d5b-b2df-257bc78a9b29,Traditional Department Stores
1e7b642c-c060-4a94-93bb-6434b320220e,9787b7d5-2461-464d-9354-2da1defdb675,Eastside Cycle Shop
5b5bae8e-d7da-441e-a3c0-643bafe22223,f077eda9-c3db-4fde-81d2-e0f7ada08fcc,General Department Stores
eb8b1875-e728-4ecc-a69b-12cd245c31b8,9787b7d5-2461-464d-9354-2da1defdb675,Mass Market Bikes
a1ceb02b-13b8-4de3-876c-f13f6f652997,f077eda9-c3db-4fde-81d2-e0f7ada08fcc,Operational Manufacturing
f62a9fac-a8e7-4ada-86e3-d1c74d0ec950,27d62980-8d18-4170-95a5-7f7bb9cada5a,Online Bike Warehouse
a7d82132-680f-49a3-93a1-3b0f8467f911,28141e19-49e8-4090-9196-6e8f43b10de8,Retread Tire Company
4f49eafb-068b-4e29-bafd-87ef6230ffbf,59948fbd-99d9-43fd-b5ab-20614fc4193d,Small Bike Shop
598a64c3-f700-4ff5-8639-bc1e09f650a7,e03321bf-f1d3-4324-9184-008d6fb535da,Superior Hardware Distributors
0b35bd81-fe1f-4b49-a925-a0340c37793f,0e8f1395-12c4-4d5b-b2df-257bc78a9b29,Fitness Sport Boutique
4b03f285-d10b-4e68-8a55-0b57c85311ba,9737ee67-ea97-4ab7-9e6c-70f8878c6ab2,Producer Goods Clearinghouse
4bc555a0-c27e-4abc-bae4-27e199920e58,0e8f1395-12c4-4d5b-b2df-257bc78a9b29,Recreation Systems
2d77310f-cfbe-408f-8400-0663b381aef8,9737ee67-ea97-4ab7-9e6c-70f8878c6ab2,Rustic Bike Store
51fdf8d1-81bc-42ca-a6a2-4ea32d77bcd8,27d62980-8d18-4170-95a5-7f7bb9cada5a,Eastside Parts Shop
c3a3623e-704d-4ff1-ba4b-2f6c30526d6b,28141e19-49e8-4090-9196-6e8f43b10de8,Exchange Parts Inc.
8b982fb1-d103-411c-bee4-54fe93800783,59948fbd-99d9-43fd-b5ab-20614fc4193d,First Cycle Store
23d312e1-8270-48bf-ac31-bca5216bbf03,e03321bf-f1d3-4324-9184-008d6fb535da,Running and Cycling Gear
72f1b91a-ecbd-4463-9a32-e4bf8f92a32a,0e8f1395-12c4-4d5b-b2df-257bc78a9b29,Seventh Bike Store
d0b98754-dfed-49e4-96af-7f02409263b8,9737ee67-ea97-4ab7-9e6c-70f8878c6ab2,Fast Services
7111b94c-333e-4c44-a831-4df51ac152a4,28141e19-49e8-4090-9196-6e8f43b10de8,General Associates
4e81740a-e73a-4f38-a90a-f23166a548aa,16eb6889-25f7-475a-9eff-92024a00fde9,Good Toys
3015efb8-4179-4b34-98a3-03b4d8766f37,0ca60d7b-b278-4a10-88c7-aa2c62611482,Little Bicycle Supply Shop
ab944346-dd7c-49ec-a91e-df1f2decb31e,28141e19-49e8-4090-9196-6e8f43b10de8,Retail Toy Store
3a68905d-dd5c-4876-b73e-9ee9d669b29e,16eb6889-25f7-475a-9eff-92024a00fde9,Strenuous Exercise Shop
cd2688df-69e3-4483-b2e6-9b2a0ca05409,0ca60d7b-b278-4a10-88c7-aa2c62611482,All Seasons Sports Supply
1d049f9b-f343-47a7-bded-723a22cd374e,0445ab08-f703-4d2c-8ab3-fb7948bc1a48,Leisure Clearing House
47a35fff-71f6-47ca-98ba-3a3c649454b4,3c91dda3-5a66-476e-b9d4-b686e959bda5,Outdoor Toy Store
ddcb4863-370b-4e6f-a3ed-553d0981dc98,27d62980-8d18-4170-95a5-7f7bb9cada5a,The Commissary
932491bf-040b-46dc-966f-2942f6e51763,59948fbd-99d9-43fd-b5ab-20614fc4193d,Affordable Sports Equipment
697c9c9b-b51f-4e78-a80d-c1202085af6c,0ca60d7b-b278-4a10-88c7-aa2c62611482,Local Sales and Rental
caf0be72-119a-4c12-b6aa-20d081ae3d26,27d62980-8d18-4170-95a5-7f7bb9cada5a,Economy Center
48a931c9-53d9-4fa8-ad6a-69dc7946122e,3c91dda3-5a66-476e-b9d4-b686e959bda5,Community Department Stores
34df6cec-bfc2-493a-9260-7304805f11d6,0445ab08-f703-4d2c-8ab3-fb7948bc1a48,Area Sheet Metal Supply
435ac95f-8164-4e9a-a084-809382f3e351,48505c49-f9c7-4476-a670-158f89c331a7,Synthetic Materials Manufacturing
2491da61-1911-4725-a72e-08083b68da93,0ca60d7b-b278-4a10-88c7-aa2c62611482,Rural Sales and Service
540ff070-0090-4ef0-bfe9-4984f69af429,0445ab08-f703-4d2c-8ab3-fb7948bc1a48,Tubeless Tire Company
37edac8e-7dac-4974-b453-23aa299af20c,48505c49-f9c7-4476-a670-158f89c331a7,Tires and Tubes
8602585e-e737-43ec-80ef-3bf5060f500a,0ca60d7b-b278-4a10-88c7-aa2c62611482,Hardware Components
65ff3a64-b1c0-42d6-a8a4-e2fa4f46fc03,59948fbd-99d9-43fd-b5ab-20614fc4193d,Retail Sporting Goods
b376be98-6ef7-48a7-a015-c146a35fc98d,27d62980-8d18-4170-95a5-7f7bb9cada5a,Efficient Cycling
26b98a65-0068-4e51-942a-db67fa35ac7c,27d62980-8d18-4170-95a5-7f7bb9cada5a,General Industries
55cdef38-6947-4916-a963-4d4556bfeb59,59948fbd-99d9-43fd-b5ab-20614fc4193d,Highway Bike Shop
5c8146d7-fad2-451f-b9ff-d7f2f579a3a9,0ca60d7b-b278-4a10-88c7-aa2c62611482,Rental Bikes
23b5366f-0c47-4575-997d-bc35235117bb,48505c49-f9c7-4476-a670-158f89c331a7,Roving Sports
03acb1fb-7f4a-43c3-aead-6b7dc35ec3f7,0445ab08-f703-4d2c-8ab3-fb7948bc1a48,Express Bike Services
14185ed9-069c-4e5a-b78b-e6c66fcf4e34,3c91dda3-5a66-476e-b9d4-b686e959bda5,Major Amusement Company
6089e1d2-1bc0-4ebf-8821-8a0f51be09de,27d62980-8d18-4170-95a5-7f7bb9cada5a,Retail Discount Store
ca6fdaec-1d88-4f82-bdea-13a53b19e67a,59948fbd-99d9-43fd-b5ab-20614fc4193d,Vale Riding Supplies
b6443a79-2be9-4013-b658-1615a8c66f8a,0ca60d7b-b278-4a10-88c7-aa2c62611482,A Great Bicycle Company
f04ce1b4-79d8-46b6-a0b8-0e2989283382,48505c49-f9c7-4476-a670-158f89c331a7,Certified Bicycle Supply
59b26c37-2d3b-4733-806e-e35e505f35ef,0445ab08-f703-4d2c-8ab3-fb7948bc1a48,Exceptional Cycle Services
79d658b2-3b71-47d3-9d7f-3d31c782849e,3c91dda3-5a66-476e-b9d4-b686e959bda5,Instant Cycle Store
24960b0e-bb93-4f28-b568-a58ef2ff564d,27d62980-8d18-4170-95a5-7f7bb9cada5a,Leisure Activities
e7ec6c23-c607-4c03-a2b9-127dfa7d9db5,59948fbd-99d9-43fd-b5ab-20614fc4193d,Paints and Solvents Company
7e56a5fb-f632-4e01-84c2-da062919fb23,9737ee67-ea97-4ab7-9e6c-70f8878c6ab2,West Wind Distributors
464183bf-867d-4af9-85ae-53ac47c1236d,27d62980-8d18-4170-95a5-7f7bb9cada5a,Bikes for Kids and Adults
a8594d9a-2348-4cc4-b7c1-33ea0dfe71cc,28141e19-49e8-4090-9196-6e8f43b10de8,Consolidated Sales
3c688065-d0eb-4bb6-a09d-2519300085b5,f077eda9-c3db-4fde-81d2-e0f7ada08fcc,Home Town Bike Store
4d083d2b-e04a-45cd-b9dd-0fad6048947d,28141e19-49e8-4090-9196-6e8f43b10de8,Optimal Bikes
5c30c6a3-3450-4032-b283-58639ec63067,16eb6889-25f7-475a-9eff-92024a00fde9,Sample Bike Store
291754ac-e92d-45b6-b5bc-e30ef8e05d4e,0ca60d7b-b278-4a10-88c7-aa2c62611482,Extras Sporting Goods
5a71a320-6f9b-4db0-ac42-dffdbd3f44b9,e03321bf-f1d3-4324-9184-008d6fb535da,Sure & Reliable Sporting Goods
f8509e12-d42b-47af-8601-7ef893c8818b,0e8f1395-12c4-4d5b-b2df-257bc78a9b29,Eleventh Bike Store
938c4bfb-6224-4c53-8ab5-68a5c629aa86,9737ee67-ea97-4ab7-9e6c-70f8878c6ab2,Enterprise Center
50f8d7d6-e568-41ff-b23f-733b533208bb,27d62980-8d18-4170-95a5-7f7bb9cada5a,Purple Bicycle Company
e6bcaf3c-03d0-457d-9230-0e7d44bfdb01,28141e19-49e8-4090-9196-6e8f43b10de8,New and Used Bicycles
92e678dc-9416-4583-b33d-f75aaefd3379,59948fbd-99d9-43fd-b5ab-20614fc4193d,Separate Parts Corporation
b0328183-d802-4f0a-ae0f-3b4b72625f74,e03321bf-f1d3-4324-9184-008d6fb535da,Basic Bike Company
973491bf-8b40-44a0-afa1-68b3ad86a75f,0e8f1395-12c4-4d5b-b2df-257bc78a9b29,"Fabrikam Inc., West"
ffc21cff-d317-4523-8071-094631e0c8f7,9737ee67-ea97-4ab7-9e6c-70f8878c6ab2,Mechanical Brake Manufacturers
dc037097-5f93-491e-a368-fc6668ec1d89,27d62980-8d18-4170-95a5-7f7bb9cada5a,Non-Slip Pedal Company
c93b5061-b71f-40ee-8a43-1bee97fb26c9,28141e19-49e8-4090-9196-6e8f43b10de8,Variety Bike Outlet
009eb138-513c-4604-98a7-202ab96b7c24,59948fbd-99d9-43fd-b5ab-20614fc4193d,Weekend Bike Tours
34439d22-8afd-40b8-8c3f-29503b4ce715,9737ee67-ea97-4ab7-9e6c-70f8878c6ab2,"Fabrikam Inc., East"
5a966057-52a5-4d8f-a136-0667f71c09b2,27d62980-8d18-4170-95a5-7f7bb9cada5a,General Supplies
925df062-0813-4961-9966-2df8ecc51369,28141e19-49e8-4090-9196-6e8f43b10de8,Noiseless Gear Company
48a98fb0-d1ad-4206-ae4a-b41f5ad949c9,59948fbd-99d9-43fd-b5ab-20614fc4193d,Racing Toys
e2b09f20-e40b-4f70-b93d-bcd7c7d5b520,48505c49-f9c7-4476-a670-158f89c331a7,Capable Sales and Service
ada0d3cd-ddf2-4f6b-810e-3f5cd1e361ed,0445ab08-f703-4d2c-8ab3-fb7948bc1a48,Little Sports Center
aa1b9819-3b52-43e7-91a6-064d423ee4cc,3c91dda3-5a66-476e-b9d4-b686e959bda5,Pretty Bikes and Toys
db4df134-2e15-4f76-9499-b0f081b0be45,27d62980-8d18-4170-95a5-7f7bb9cada5a,Road Way Sales and Rental
51aae3ee-cdb3-4fec-a260-99df0311e1a5,59948fbd-99d9-43fd-b5ab-20614fc4193d,Sturdy Toys
f4f5119f-c402-4bc8-b440-e521f10fe970,0ca60d7b-b278-4a10-88c7-aa2c62611482,Beneficial Exercises and Activities
c1953ebc-905a-46d1-9aa0-252636b49d2d,48505c49-f9c7-4476-a670-158f89c331a7,Fad Outlet
bda1ad42-82c8-4422-a5b3-12c42e9b221c,0445ab08-f703-4d2c-8ab3-fb7948bc1a48,Commerce Bicycle Specialists
4718a335-e215-4b5a-b9b5-82d4df4e5485,3c91dda3-5a66-476e-b9d4-b686e959bda5,Township Inn
66002a84-fb2b-43a9-ab31-1be886626950,27d62980-8d18-4170-95a5-7f7bb9cada5a,Acceptable Sales & Service
0f2dc9fd-c9f7-4c2b-91b2-db8ddae9db85,59948fbd-99d9-43fd-b5ab-20614fc4193d,Brown Bicycle Company
b7378bef-01a7-44f4-a504-5d203446b37c,0ca60d7b-b278-4a10-88c7-aa2c62611482,District Mall
cc204511-fc9a-4420-8f81-af551811a6b9,48505c49-f9c7-4476-a670-158f89c331a7,Fitness Supplies
152f9ef2-095d-450b-b9cd-3f37301c99a3,0445ab08-f703-4d2c-8ab3-fb7948bc1a48,Mail Market
4f8506fa-7376-4dd9-b436-d16b0247d77f,3c91dda3-5a66-476e-b9d4-b686e959bda5,Spare Parts Co.
a39259d4-3856-4eed-a8bf-72e6daea2919,27d62980-8d18-4170-95a5-7f7bb9cada5a,Twelfth Bike Store
927ac49b-99f6-4a48-b568-186e7b7aa9d8,f077eda9-c3db-4fde-81d2-e0f7ada08fcc,Consolidated Messenger
4553e273-d883-43b8-ae34-3cb5268c3dc1,28141e19-49e8-4090-9196-6e8f43b10de8,Daring Rides
d0085780-094c-4e9b-af81-4f548e5d26cc,16eb6889-25f7-475a-9eff-92024a00fde9,Field Trip Store
3382af79-4a56-4f60-a23e-a53634b56531,59948fbd-99d9-43fd-b5ab-20614fc4193d,Finish and Sealant Products
23f4afa9-5cfa-46e2-91ee-d24edbb15d91,e03321bf-f1d3-4324-9184-008d6fb535da,Finer Parts Shop
a6743778-eaa6-4553-8311-3a84a47900e2,0e8f1395-12c4-4d5b-b2df-257bc78a9b29,Glossy Bikes
e3e91cc4-678c-445a-9b6a-17e085d3d428,9737ee67-ea97-4ab7-9e6c-70f8878c6ab2,Next Door Cycles
ddc78795-9a78-4320-bb07-a31e53b374f0,27d62980-8d18-4170-95a5-7f7bb9cada5a,Up-To-Date Sports
d6ec4a8d-2865-497e-8ab1-1f9778efad2d,59948fbd-99d9-43fd-b5ab-20614fc4193d,Mountain Bike Center
7d9c6281-f5f2-45db-91bf-a28a20230dbe,0ca60d7b-b278-4a10-88c7-aa2c62611482,Specialty Sports Store
6b2311e2-84a9-4dc4-aaab-8372c9a767f7,48505c49-f9c7-4476-a670-158f89c331a7,Scooters and Bikes Store
7f8d6b72-4655-40d7-8498-0897282bfc66,0445ab08-f703-4d2c-8ab3-fb7948bc1a48,Closest Bicycle Store
85618db3-97f6-413f-8f63-9e74ac41b605,3c91dda3-5a66-476e-b9d4-b686e959bda5,Roadway Bicycle Supply
b9bc1047-dff2-4c88-a5a8-843d90f39ea4,27d62980-8d18-4170-95a5-7f7bb9cada5a,Refined Department Stores
746f62b4-ebb1-409e-95ce-c2e6fe7e1959,59948fbd-99d9-43fd-b5ab-20614fc4193d,Reasonable Bicycle Sales
82e421ed-d663-4316-a9ec-8d4185d92172,0ca60d7b-b278-4a10-88c7-aa2c62611482,Out-of-the-Way Hotels
57484282-28aa-49a0-a457-abfd3d49e4f9,48505c49-f9c7-4476-a670-158f89c331a7,Outdoor Sports Supply
ff6ff17e-f38b-4d34-965a-3904bd4b4f60,0445ab08-f703-4d2c-8ab3-fb7948bc1a48,Outdoor Aerobic Systems Company
8f6e8c8e-b317-4c42-b4dc-87e08ac37018,3c91dda3-5a66-476e-b9d4-b686e959bda5,Self-Contained Cycle Parts Company
c8e1f212-1322-4054-b2bb-5c51fb169a07,27d62980-8d18-4170-95a5-7f7bb9cada5a,Metal Clearing House
23da8468-9d50-4302-8146-c57ca008be51,59948fbd-99d9-43fd-b5ab-20614fc4193d,Many Bikes Store
f2950332-6d4e-4534-9c94-b19b640b54d2,0ca60d7b-b278-4a10-88c7-aa2c62611482,Largest Bike Store
4dfcc427-2347-4a67-be91-fc16f48731ef,48505c49-f9c7-4476-a670-158f89c331a7,Kickstands and Accessories Company
0706746c-0aee-46ec-acfe-628f8c6be635,0445ab08-f703-4d2c-8ab3-fb7948bc1a48,Instruments and Parts Company
dda663c9-a7f8-4bfa-97b6-284b53c26042,3c91dda3-5a66-476e-b9d4-b686e959bda5,Neighborhood Bicycle Storehouse
6798d20b-bd2a-43e4-8e6a-404b07ec8da2,27d62980-8d18-4170-95a5-7f7bb9cada5a,Gear-Shift Bikes Limited
f1d22bce-793a-4594-bded-125772177852,59948fbd-99d9-43fd-b5ab-20614fc4193d,Frugal Bike Shop
1aebc765-613f-4181-ad86-55e680ca15b0,48505c49-f9c7-4476-a670-158f89c331a7,Family Entertainment Center
b22a8ae8-c35a-48c4-9692-89f2f8987dc6,0ca60d7b-b278-4a10-88c7-aa2c62611482,Go-cart and Bike Specialists
2b7bf1f1-7ea7-4864-86cd-39e2b5d24a39,59948fbd-99d9-43fd-b5ab-20614fc4193d,Trailblazing Sports
7f85b2c9-c575-49eb-9a7b-fd595e45b8a8,27d62980-8d18-4170-95a5-7f7bb9cada5a,Racing Partners
821e9a60-aef5-4f02-bdf0-ac5ce8c3c07b,3c91dda3-5a66-476e-b9d4-b686e959bda5,Perfect Toys
17b94956-eb12-4f30-819d-edfc368249e6,0445ab08-f703-4d2c-8ab3-fb7948bc1a48,Exhibition Showroom
a1aee046-4122-4e03-a15c-e9cd61b2c52f,48505c49-f9c7-4476-a670-158f89c331a7,Authorized Bike Sales and Rental
5670b0d0-12c8-4c79-8e0a-e51be4b7a974,0ca60d7b-b278-4a10-88c7-aa2c62611482,Two-Seater Bikes
07b919b9-0813-4f0e-b447-27d767a98869,16eb6889-25f7-475a-9eff-92024a00fde9,More Bikes!
abc6e50c-4d9c-4b79-b796-d5b09359ae62,28141e19-49e8-4090-9196-6e8f43b10de8,Unified Sports Company
1d5f97c5-742e-4849-a84b-7e8531de65ed,f077eda9-c3db-4fde-81d2-e0f7ada08fcc,National Manufacturing
356c5c10-faad-4998-8fc1-43a00f6c357c,9787b7d5-2461-464d-9354-2da1defdb675,Volume Bike Sellers
86d8631c-7d81-4910-9943-0dfa0af2d07e,0e8f1395-12c4-4d5b-b2df-257bc78a9b29,Wheelsets Storehouse
a18162e1-ed8f-4d66-85d5-ceadca61fc88,0ca60d7b-b278-4a10-88c7-aa2c62611482,Town Industries
b5bbe879-1247-4dd9-9795-59d67aa2acd9,59948fbd-99d9-43fd-b5ab-20614fc4193d,Security Racks and Locks Wholesalers
796a58e8-e051-4557-b7f5-b5dc31ccc265,27d62980-8d18-4170-95a5-7f7bb9cada5a,Rapid Bikes
a9e44ff4-07c2-4c52-a414-d4453fc5b88a,3c91dda3-5a66-476e-b9d4-b686e959bda5,Metro Sports Equipment
5b121027-ab2f-418d-b7af-65f3a15dc244,0445ab08-f703-4d2c-8ab3-fb7948bc1a48,Nearby Sporting Goods
49ace314-fb96-4abd-b2d5-c710af625365,48505c49-f9c7-4476-a670-158f89c331a7,Front Sporting Goods
fe51c25f-dd1b-454c-99bb-fe244fa2240b,0ca60d7b-b278-4a10-88c7-aa2c62611482,Elite Bikes
228b53a2-f6c2-4246-852f-797f43e281fc,0e8f1395-12c4-4d5b-b2df-257bc78a9b29,Catalog Store
cd2923da-0d00-4fe3-80e5-5d3583306baf,0ca60d7b-b278-4a10-88c7-aa2c62611482,Chic Department Stores
528defcd-2fb9-445d-962a-3d0defcb8bf7,16eb6889-25f7-475a-9eff-92024a00fde9,Eastside Department Store
d24535fd-0290-4595-87d0-33067cd18d91,28141e19-49e8-4090-9196-6e8f43b10de8,Sports Sales and Rental
f2121f20-442f-48e2-8f96-49b23e1a0261,f077eda9-c3db-4fde-81d2-e0f7ada08fcc,Cycle Merchants
f48436fa-3b25-46d2-9323-abeffc188f5f,9787b7d5-2461-464d-9354-2da1defdb675,Global Sports Outlet
6c72ae71-0016-42f8-bfec-536a2ea8ea59,0e8f1395-12c4-4d5b-b2df-257bc78a9b29,Exotic Bikes
c5b22d9d-11d3-4755-99a4-8ea3c71677cb,0ca60d7b-b278-4a10-88c7-aa2c62611482,Fitness Hotel
d4bd506f-169b-46e3-afc3-1362c18b2738,16eb6889-25f7-475a-9eff-92024a00fde9,Healthy Activity Store
43cc3202-cd19-46f8-8d55-321e3699862a,28141e19-49e8-4090-9196-6e8f43b10de8,Every Bike Shop
a39ed955-7eba-41f6-826a-518b0adfba72,f077eda9-c3db-4fde-81d2-e0f7ada08fcc,Grand Industries
6584c1b6-08e2-4507-8585-0fcc6bb39956,9787b7d5-2461-464d-9354-2da1defdb675,Ideal Components
d46c5f3c-8f51-446e-b1c8-af791040f69e,0e8f1395-12c4-4d5b-b2df-257bc78a9b29,Larger Cycle Shop
5837a515-9b2f-4fba-996e-428d04ab12be,0ca60d7b-b278-4a10-88c7-aa2c62611482,Leading Sales & Repair
07b8a8f2-2b01-4a59-9fae-f05aa5a5c88a,16eb6889-25f7-475a-9eff-92024a00fde9,Main Bicycle Services
defcae9e-7ff7-4490-a357-038cbf5ef780,28141e19-49e8-4090-9196-6e8f43b10de8,Metro Bike Mart
1a445fb1-68b6-448b-bea7-5be3a84a36d0,f077eda9-c3db-4fde-81d2-e0f7ada08fcc,Tandem Sales and Service
9c1a8132-a535-4286-b23c-82eabbf0f4dd,9787b7d5-2461-464d-9354-2da1defdb675,Sensible Sports
2f4d0c3b-8dfe-42ed-a324-6ffc5984bbac,f077eda9-c3db-4fde-81d2-e0f7ada08fcc,Reliable Retail Center
dfeb62c7-b307-4c17-907c-600ec320aa0f,9787b7d5-2461-464d-9354-2da1defdb675,Liquidation Sales
13b206f0-9b50-4894-96be-28a79f271974,0e8f1395-12c4-4d5b-b2df-257bc78a9b29,Friendly Bike Shop
0244f981-5b24-40aa-8d17-bfc297325f54,0ca60d7b-b278-4a10-88c7-aa2c62611482,Yellow Bicycle Company
45d9e9fd-131b-4671-bc11-f5abfdf653f5,16eb6889-25f7-475a-9eff-92024a00fde9,Sports Products Store
72c6a2c8-d450-4fe3-b15e-4e41b1620223,28141e19-49e8-4090-9196-6e8f43b10de8,Selected Distributors
855a575f-9e21-4e6a-952f-2c0023e82558,3c91dda3-5a66-476e-b9d4-b686e959bda5,Impervious Paint Company
03189435-d4a1-4f09-b778-a7ee89c8ce19,0445ab08-f703-4d2c-8ab3-fb7948bc1a48,Shipping Specialists
e633f48c-2b68-41b4-8ec5-6b651c474c5e,3c91dda3-5a66-476e-b9d4-b686e959bda5,Finer Sporting Goods
c1b41c79-5c63-4783-b2e3-2de1030b01e3,0445ab08-f703-4d2c-8ab3-fb7948bc1a48,Authentic Sales and Service
0d62f536-95bc-466a-b078-e5634547bfaa,48505c49-f9c7-4476-a670-158f89c331a7,Official Parts Shop
2cbd0048-7f86-43a0-9594-51ce93ac4b52,0ca60d7b-b278-4a10-88c7-aa2c62611482,"Contoso, Ltd."
8d23bec0-3a45-4ffb-9ff9-3fb79be6bd69,59948fbd-99d9-43fd-b5ab-20614fc4193d,Discount Tours
9a0ba015-80b1-4df5-a54a-58c3676f6149,27d62980-8d18-4170-95a5-7f7bb9cada5a,Tire Exchange
dcef1c30-86b7-4895-997b-91ff416df130,3c91dda3-5a66-476e-b9d4-b686e959bda5,Racing Tours
4675fae8-9a5d-4cc5-a7e8-6317a3d4175b,0445ab08-f703-4d2c-8ab3-fb7948bc1a48,Oils and Fluids Warehouse
d79f2286-ae76-4ab0-8340-081acef2c8a4,3c91dda3-5a66-476e-b9d4-b686e959bda5,Finished Parts Shop
53841c47-bf23-4426-8472-77a0d0e4c300,0445ab08-f703-4d2c-8ab3-fb7948bc1a48,Consumer Equipment
90aff74b-06e6-49b4-9958-52c165b4075b,59948fbd-99d9-43fd-b5ab-20614fc4193d,Rally Master Company Inc
a51f5190-be94-4b95-bab3-faefab0c1517,27d62980-8d18-4170-95a5-7f7bb9cada5a,Professional Cyclists
bdea515e-0f4a-4bb4-a49d-d3460ef86cc8,3c91dda3-5a66-476e-b9d4-b686e959bda5,Sports Products Store
c322f2b3-85ca-44b3-9d69-56eaaba53d90,0445ab08-f703-4d2c-8ab3-fb7948bc1a48,Exclusive Bicycle Mart
225431e4-dd9b-4f28-acbb-1dea07290d2f,48505c49-f9c7-4476-a670-158f89c331a7,City Manufacturing
a03851a5-a848-49fd-b449-9f1370ccf2c7,59948fbd-99d9-43fd-b5ab-20614fc4193d,Bike Dealers Association
04a6c7d3-5e58-4a39-922c-11d72a8dbc07,28141e19-49e8-4090-9196-6e8f43b10de8,Pedal Systems Company
0493cf08-2941-492b-ab33-83451c95304e,27d62980-8d18-4170-95a5-7f7bb9cada5a,"Health Spa, Limited"
856ba14b-d2db-493b-99ba-f591bbd5d23c,9737ee67-ea97-4ab7-9e6c-70f8878c6ab2,Global Bike Retailers
6d0b1adc-46b0-4a45-9f53-259db23e93db,0e8f1395-12c4-4d5b-b2df-257bc78a9b29,Fashionable Department Stores
83467550-99d7-4aca-8b6d-f931584d4ce9,e03321bf-f1d3-4324-9184-008d6fb535da,Closeout Boutique
6e71f30f-ffc6-4c47-a500-3941b321da49,59948fbd-99d9-43fd-b5ab-20614fc4193d,Bicycle Merchandise Warehouse
95ec97d8-63ed-47bb-be38-fb8dbf9b2a37,28141e19-49e8-4090-9196-6e8f43b10de8,Spoke Manufacturers
60e482e8-eab3-46d4-9934-80eac12ea864,27d62980-8d18-4170-95a5-7f7bb9cada5a,Leather Seat Factory
77aabe8d-edb1-4e2a-ab42-7d3fde84e9de,9737ee67-ea97-4ab7-9e6c-70f8878c6ab2,Good Bicycle Store
7bed473c-644a-4c68-be49-e31d8a3a3513,0e8f1395-12c4-4d5b-b2df-257bc78a9b29,Endurance Bikes
ba2c80bf-bfa8-49a1-b493-e346b964ec67,0ca60d7b-b278-4a10-88c7-aa2c62611482,Practical Bike Supply Company
57333052-bffd-437b-b0e2-f27052e0e58f,48505c49-f9c7-4476-a670-158f89c331a7,Some Discount Store
7008f173-58ee-4746-b6cb-365be229e0c1,0445ab08-f703-4d2c-8ab3-fb7948bc1a48,Variety Cycling
d5accf98-ffd3-4c28-b1ca-058c8a4180cd,3c91dda3-5a66-476e-b9d4-b686e959bda5,Accessories Network
15313633-587a-46d7-9f2c-9f4873e4e68c,27d62980-8d18-4170-95a5-7f7bb9cada5a,Remote Bicycle Specialists
af835647-7df6-48c1-bcc0-23acddc09e78,59948fbd-99d9-43fd-b5ab-20614fc4193d,Curbside Sporting Goods
54387686-779b-4b7e-a208-cf44d80aab6c,0ca60d7b-b278-4a10-88c7-aa2c62611482,Friendly Neighborhood Bikes
3792e1f8-7ef0-4388-a68b-8d7ac17b5d18,0e8f1395-12c4-4d5b-b2df-257bc78a9b29,Guaranteed Sales and Service
4e41bcb9-39f9-4c4b-8ecc-4c0caadf94a3,9787b7d5-2461-464d-9354-2da1defdb675,Preferable Bikes
3232f41e-c576-4395-be69-d0937f92e3a6,f077eda9-c3db-4fde-81d2-e0f7ada08fcc,Recommended Bicycles
1360a89d-b98b-4a96-8d1c-c0900865cc05,28141e19-49e8-4090-9196-6e8f43b10de8,Sunny Place Bikes
2d145b79-23f7-493a-9c2c-68f91249988d,16eb6889-25f7-475a-9eff-92024a00fde9,Alpine Ski House
e1c08ee5-1eba-4864-95de-4cf7269d5e40,28141e19-49e8-4090-9196-6e8f43b10de8,Cycles and Scooters
dd504b6d-32c2-49bd-ad52-0253041cd6ad,0e8f1395-12c4-4d5b-b2df-257bc78a9b29,Small Bike Accessories Shop
d507893d-33d1-437f-a41e-8a3b98a4bdb6,9787b7d5-2461-464d-9354-2da1defdb675,List Price Catalog Company
5824fb79-e9a3-4175-ab41-c9e6bde34c47,f077eda9-c3db-4fde-81d2-e0f7ada08fcc,Seats and Saddles Company
76fb5332-a2e1-42e9-ac4b-a11f8022140c,28141e19-49e8-4090-9196-6e8f43b10de8,Village Tours
5be6c272-8f00-46fc-a3b3-5850d582f42b,48505c49-f9c7-4476-a670-158f89c331a7,All Cycle Shop
dff2ecf3-987a-4ebe-9693-38d21e609a6a,0445ab08-f703-4d2c-8ab3-fb7948bc1a48,Tachometers and Accessories
fc95e2cc-ccb8-489f-b847-2f6a8edfd143,3c91dda3-5a66-476e-b9d4-b686e959bda5,Cycles Sales and Repair
653a6a8f-f6f1-4b54-b630-2e5b04d20a0b,27d62980-8d18-4170-95a5-7f7bb9cada5a,Low Price Cycles
c2308f30-ea6d-4ce7-a12d-443c0d8345ed,59948fbd-99d9-43fd-b5ab-20614fc4193d,Metropolitan Manufacturing
7e60d2fc-cf23-452b-837a-3882580946df,0ca60d7b-b278-4a10-88c7-aa2c62611482,Orange Bicycle Company
b524d0ef-295b-47da-93ef-74b8d0c65e0c,48505c49-f9c7-4476-a670-158f89c331a7,Riding Associates
8511525d-51b1-4ba7-a2e2-dd0c22568acf,0445ab08-f703-4d2c-8ab3-fb7948bc1a48,Essential Bike Works
d7fbe8bc-5cec-441b-92cd-a3afc6582382,3c91dda3-5a66-476e-b9d4-b686e959bda5,Rural Mountain Bike Mart
c4cef699-0ed0-4a80-bfc7-a323e4b3af3a,27d62980-8d18-4170-95a5-7f7bb9cada5a,City Cycling
29cca04d-83d2-4f9b-9a41-27376c5c5c56,59948fbd-99d9-43fd-b5ab-20614fc4193d,Engineered Bike Systems
9a6c0c88-5770-4a4c-9147-c22e6e6dcc30,59948fbd-99d9-43fd-b5ab-20614fc4193d,Professional Containers and Packaging Co.
5fc65e12-92bd-49a2-9527-2be307b87576,27d62980-8d18-4170-95a5-7f7bb9cada5a,One Bike Company
58eac8ad-9772-461f-a0e0-8ee4edc6724d,3c91dda3-5a66-476e-b9d4-b686e959bda5,Hiatus Bike Tours
e0dd80fa-378f-4cd8-916a-bbec07c5a4f2,0445ab08-f703-4d2c-8ab3-fb7948bc1a48,Cycling Goods
1b5c9adc-cca1-47ff-b45b-1cc649731d3e,48505c49-f9c7-4476-a670-158f89c331a7,Cycle Clearance
a511cb39-f2a3-4904-9a44-585d4ea75b8a,0ca60d7b-b278-4a10-88c7-aa2c62611482,Black Bicycle Company
0e633e3f-2bfd-40e7-a8e8-7d1034712f56,59948fbd-99d9-43fd-b5ab-20614fc4193d,Transport Bikes
fadb6848-ac99-48ad-9910-5964107251c4,48505c49-f9c7-4476-a670-158f89c331a7,Sellers of Cycles
884da7a1-9739-48eb-8a4f-9b7f7f1fbafb,0ca60d7b-b278-4a10-88c7-aa2c62611482,Maintenance and Repair for Bicycles
920c8cb8-df86-4099-8893-99ba63978cf2,59948fbd-99d9-43fd-b5ab-20614fc4193d,Fitness Department Stores
335f9780-2232-4d92-8a55-51bee157bc76,f077eda9-c3db-4fde-81d2-e0f7ada08fcc,Famous Bike Shop
c703ecc5-0bfa-4b74-866c-202957be6f62,9787b7d5-2461-464d-9354-2da1defdb675,Eastward Bike Accessories
55d5d2a7-d503-4f19-b07f-34b556a6ae19,0e8f1395-12c4-4d5b-b2df-257bc78a9b29,Strong Metal Manufacturing
f5a8e03e-45c7-4e84-972c-b9f4c5a56fa9,0ca60d7b-b278-4a10-88c7-aa2c62611482,Gift and Toy Store
da55810e-47d8-4ee5-bc1a-738f7307150c,16eb6889-25f7-475a-9eff-92024a00fde9,Major Sporting Goods
2380c0ac-b88e-416e-a3e2-b249ae7acab5,28141e19-49e8-4090-9196-6e8f43b10de8,Executive Discount Store
93ae24c2-0669-4aec-9752-8c62b5aaf145,27d62980-8d18-4170-95a5-7f7bb9cada5a,Major Cycling
bc0080c0-10cb-47f0-9e35-ce2ea6a11488,3c91dda3-5a66-476e-b9d4-b686e959bda5,Getaway Inn
e7e4c223-be5b-448d-b92f-1b658d35d5a5,0445ab08-f703-4d2c-8ab3-fb7948bc1a48,Downhill Bicycle Specialists
4c0ced5b-b8d1-4924-91aa-483657828bf6,48505c49-f9c7-4476-a670-158f89c331a7,Bike Experts
99f40240-fdfa-4a2d-a466-79bf2f992e72,0ca60d7b-b278-4a10-88c7-aa2c62611482,Extraordinary Bike Works
fce9d8a2-3a28-4153-93c3-5f9029137ba1,59948fbd-99d9-43fd-b5ab-20614fc4193d,Valley Bicycle Distributors
65ebca82-791b-49b8-bae9-3bec07ec9ebc,27d62980-8d18-4170-95a5-7f7bb9cada5a,Top Sports Supply
528b4c8f-3810-477a-9ddd-3e1707b8a6a7,3c91dda3-5a66-476e-b9d4-b686e959bda5,Racing Sales and Service
1d5023ee-2460-4b33-9def-43a603d29689,0445ab08-f703-4d2c-8ab3-fb7948bc1a48,Metropolitan Bicycle Supply
aff66384-a215-4935-ab1c-feea259202b7,48505c49-f9c7-4476-a670-158f89c331a7,Honest Repair Service
d8282a6e-9c28-45b4-b79c-bb5e59f3a874,0ca60d7b-b278-4a10-88c7-aa2c62611482,Designer Department Stores
b64ba257-b4d9-401f-86ac-d4d0bdbe9808,59948fbd-99d9-43fd-b5ab-20614fc4193d,Wheel Gallery
dc85488f-19a8-4eba-81dd-dd57e40f41ab,f077eda9-c3db-4fde-81d2-e0f7ada08fcc,Top Bike Market
3024f40a-10c7-42dd-b4d0-5fc697375705,9787b7d5-2461-464d-9354-2da1defdb675,Region Bike Company
9f162e2c-4af3-4533-b996-6823b9c338e9,0e8f1395-12c4-4d5b-b2df-257bc78a9b29,Grown-up Bike Store
32c4d250-f3cc-40d4-905f-5c6627016031,0ca60d7b-b278-4a10-88c7-aa2c62611482,Bicycle Lines Distributors
7f37ed36-af1d-44d4-8926-9740aa9178a7,16eb6889-25f7-475a-9eff-92024a00fde9,Sparkling Paint and Finishes
20cca298-e1b5-4f04-b3e4-0e0b3d71d82a,28141e19-49e8-4090-9196-6e8f43b10de8,Racing Association
cf92674e-aed0-4ae8-9e3c-9afc537afae3,f077eda9-c3db-4fde-81d2-e0f7ada08fcc,Plastic Parts Company
beb028c9-6a6a-439f-b36b-77d38792fbc9,9787b7d5-2461-464d-9354-2da1defdb675,Gears and Parts Company
7e252cff-ab78-4f59-b321-0a07a33c703d,0e8f1395-12c4-4d5b-b2df-257bc78a9b29,Executive Gift Store
4e9bbca7-5124-4ab2-aaad-4c8e15cee77a,0ca60d7b-b278-4a10-88c7-aa2c62611482,Big Cycle Mall
eb938530-60a2-4d9d-96f9-d0587aa6b376,28141e19-49e8-4090-9196-6e8f43b10de8,Budget Bike Company
c8f037bd-2e0a-44c5-b488-b1246c88d3a2,59948fbd-99d9-43fd-b5ab-20614fc4193d,Eighth Bike Store
f1ecd2e9-433c-495d-913b-0e7966eb67d8,e03321bf-f1d3-4324-9184-008d6fb535da,Demand Distributors
00f8d827-1315-441a-82e4-e52471381a4e,0e8f1395-12c4-4d5b-b2df-257bc78a9b29,Immediate Repair Shop
a2ceba40-a5a8-4160-8a71-332d83968dd1,9737ee67-ea97-4ab7-9e6c-70f8878c6ab2,Off-Price Bike Center
ffb882b9-1107-4102-b897-67cee038388a,27d62980-8d18-4170-95a5-7f7bb9cada5a,Red Bicycle Company
a568156a-37a4-4142-887a-0101fd2a771e,28141e19-49e8-4090-9196-6e8f43b10de8,Retirement Activities Association
04b43906-68b4-4b29-b3d9-97bd3197405a,59948fbd-99d9-43fd-b5ab-20614fc4193d,Trendy Department Stores
0be8da7d-da64-4567-849a-0e14676f2e27,e03321bf-f1d3-4324-9184-008d6fb535da,Vintage Sport Boutique
b77e572f-d266-4588-9b6c-4b617e064509,48505c49-f9c7-4476-a670-158f89c331a7,Travel Sports
ec670213-d910-4f47-83e0-aa41d239e11e,0445ab08-f703-4d2c-8ab3-fb7948bc1a48,West Side Mart
a720e837-15f8-49fb-984b-354ae32e1ced,3c91dda3-5a66-476e-b9d4-b686e959bda5,The Bike Outlet
007598d4-03e9-451a-93b4-7648a6cc14b4,27d62980-8d18-4170-95a5-7f7bb9cada5a,Tenth Bike Store
479a33bf-492f-4240-9f5e-5f5f45db9400,28141e19-49e8-4090-9196-6e8f43b10de8,Valuable Bike Parts Company
d9b78c86-0670-447d-932a-731a50524cd7,59948fbd-99d9-43fd-b5ab-20614fc4193d,Fun Times Club
b492cd61-dc42-462b-bc9a-bf7dd200215c,28141e19-49e8-4090-9196-6e8f43b10de8,Chain and Chain Tool Distributions
8438a9df-7750-47c0-806d-a3817f949695,0e8f1395-12c4-4d5b-b2df-257bc78a9b29,Mobile Outlet
e082f2eb-0012-4409-b1e1-d56a157eabce,9737ee67-ea97-4ab7-9e6c-70f8878c6ab2,Regional Cycle Shop
55ffbee1-0ee3-4dd7-b051-10b5043d0b5f,27d62980-8d18-4170-95a5-7f7bb9cada5a,Rural Bicycle Supply
fde3d294-d659-4e2b-bc19-8db02301b02c,e03321bf-f1d3-4324-9184-008d6fb535da,Wingtip Toys
9a17c4e9-a3db-4590-a685-2a0349845392,0e8f1395-12c4-4d5b-b2df-257bc78a9b29,The Cycle Store
00ec1bf5-ca28-4047-907a-327be9bddcb4,9737ee67-ea97-4ab7-9e6c-70f8878c6ab2,Educational Services
1c0cbdd3-f720-4be8-9b9f-cb6bd9a92899,27d62980-8d18-4170-95a5-7f7bb9cada5a,Active Life Toys
74b383e6-98c6-400d-a7c0-0006c38f39d6,28141e19-49e8-4090-9196-6e8f43b10de8,Simple Bike Parts
bf9cb0e1-b165-47df-96b6-794b96daa3d2,59948fbd-99d9-43fd-b5ab-20614fc4193d,Timely Shipping Service
589fbde6-d0f6-4e77-9f12-df7f085f256a,e03321bf-f1d3-4324-9184-008d6fb535da,A Cycle Shop
90484792-e858-496d-9ee6-d82d4100637f,0e8f1395-12c4-4d5b-b2df-257bc78a9b29,Bike Products and Accessories
d2d52da3-4875-455d-9e85-706a01c8a8db,9737ee67-ea97-4ab7-9e6c-70f8878c6ab2,Fitness Toys
88c190a1-a9f8-4f3a-9cb0-64b1a22072ff,f077eda9-c3db-4fde-81d2-e0f7ada08fcc,Quick Parts and Service
7c762640-012b-400a-a380-21b5e644a1c3,28141e19-49e8-4090-9196-6e8f43b10de8,Reliable Brake Systems
065ac9d9-78b5-42e6-8efd-e0551203d17f,16eb6889-25f7-475a-9eff-92024a00fde9,Thrifty Parts and Sales
d9ad7f35-cec1-482f-a17e-7415ce81dd6f,0ca60d7b-b278-4a10-88c7-aa2c62611482,A Typical Bike Shop
266ca61b-62ff-4d31-8e24-e17aef8e072c,0e8f1395-12c4-4d5b-b2df-257bc78a9b29,Active Transport Inc.
62f33597-0f91-4eb9-bce7-402113ce4084,9787b7d5-2461-464d-9354-2da1defdb675,Cycle Parts and Accessories
ba6f1cdd-3569-4fc0-a655-ab8cf774b13b,f077eda9-c3db-4fde-81d2-e0f7ada08fcc,Fasteners & Bolts Outlet
7fc9bc82-e751-41f7-ac33-e28bb95b100b,28141e19-49e8-4090-9196-6e8f43b10de8,Functional Store North
6f542b99-86ce-412c-8bff-dc80b9545ce8,16eb6889-25f7-475a-9eff-92024a00fde9,Quantity Discounts
4c74f292-0d68-4fcd-a58a-0323f60575de,0ca60d7b-b278-4a10-88c7-aa2c62611482,Swift Cycles
36403436-9dc1-490c-939e-9c2187302c7f,0e8f1395-12c4-4d5b-b2df-257bc78a9b29,Classic Cycle Store
5d9d2a2e-3cdd-4d6b-af1a-fc3a658bb8cd,9787b7d5-2461-464d-9354-2da1defdb675,Helpful Sales and Repair Service 
768c4de6-d5fa-4e82-b649-ac14eb2ab79f,f077eda9-c3db-4fde-81d2-e0f7ada08fcc,Large Bike Shop
70d977fd-0685-4289-905c-a4e5cca52e5b,28141e19-49e8-4090-9196-6e8f43b10de8,Recreation Supplies
37aab25b-e647-473a-88e8-9ee454ba272b,16eb6889-25f7-475a-9eff-92024a00fde9,Wire Baskets and Parts
5f7f1b70-406f-428a-9cbb-77edde8c69d0,3c91dda3-5a66-476e-b9d4-b686e959bda5,Ultimate Bicycle Company
a748000b-27bf-4d0d-8fc3-89bf856fa695,0445ab08-f703-4d2c-8ab3-fb7948bc1a48,Sports Store
c0b3bc2e-2605-4d48-a135-1470d9cd43c3,3c91dda3-5a66-476e-b9d4-b686e959bda5,Metropolitan Equipment
a311ee23-4cd3-453b-b8b0-b37184150238,0445ab08-f703-4d2c-8ab3-fb7948bc1a48,Extended Tours
994582d8-51f9-4778-b220-de8ca8b4f75d,48505c49-f9c7-4476-a670-158f89c331a7,Convenient Sales and Service
751cfaaa-6a33-44ff-80f0-8d3179d00daa,0ca60d7b-b278-4a10-88c7-aa2c62611482,Solid Bike Parts
db741f2f-5765-469c-a1f6-05e1e7cbdce7,59948fbd-99d9-43fd-b5ab-20614fc4193d,Permanent Finish Products
0f74edc7-2dd5-42b8-aa0e-92d93b40d439,27d62980-8d18-4170-95a5-7f7bb9cada5a,Mercantile Outlet
60885038-8100-465d-9135-d91385030fbf,9737ee67-ea97-4ab7-9e6c-70f8878c6ab2,Links Works
c2d15eb5-4815-4441-a711-71415fe520d4,0e8f1395-12c4-4d5b-b2df-257bc78a9b29,Exhilarating Cycles
a45bae41-16ce-43ce-8ccb-2f3543263134,59948fbd-99d9-43fd-b5ab-20614fc4193d,Exercise Center
7cc72857-c69d-4176-84d4-c48c020af668,0ca60d7b-b278-4a10-88c7-aa2c62611482,Great Bicycle Supply
468c5231-4f8f-4624-b56c-f8de12743a65,48505c49-f9c7-4476-a670-158f89c331a7,Mail-Order Outlet
fd7f5bb6-4fbc-48ef-b53f-8cb18076e191,0445ab08-f703-4d2c-8ab3-fb7948bc1a48,Nearby Cycle Shop
36023d10-86bd-40ae-a588-012451d0729d,3c91dda3-5a66-476e-b9d4-b686e959bda5,Recreation Toy Store
903478ed-fa4b-490c-8b4b-6703d643eee2,27d62980-8d18-4170-95a5-7f7bb9cada5a,Retreat Inn
1e4f2372-84c6-4b7e-a1ae-34513392f775,59948fbd-99d9-43fd-b5ab-20614fc4193d,Technical Parts Manufacturing
0d5dfa12-bdf2-4bdf-a22f-fd9a62c63147,0ca60d7b-b278-4a10-88c7-aa2c62611482,Totes & Baskets Company
473d6c6b-3f15-4453-9231-cd7392d0efb4,0ca60d7b-b278-4a10-88c7-aa2c62611482,World of Bikes
fb3f2681-31a3-4309-8654-088e5075dca7,0e8f1395-12c4-4d5b-b2df-257bc78a9b29,A Bicycle Association
